hypothesis,signal_index,sweep_index,direction,entry_time,exit_time,entry,exit,sl,tp,pnl,reason,bars_held,mfe,mae,sl_mode,tp_mode,sweep_class,zone_type,zone_timeframe,zone_level,pierce_atr,sweep_trend_before,displacement,displacement_run_atr,structure_break,htf_aligned,regime,volatility,entry_hour
H3,33,30,-1,2026-01-02 08:30:00+00:00,2026-01-02 12:15:00+00:00,1.17435,1.17143,1.17581,1.17143,0.0029200000000000337,TP,16,0.0030399999999999316,0.00034000000000000696,SWEEP_EXTREME,FIXED_RR,CONFIRMED,BUY_SIDE,H4,1.17497,0.7958723041747158,NEUTRAL,STRONG_DISPLACEMENT,4.522001728267658,BOS,False,RANGE,LOW_VOLATILITY,8
H3,33,30,-1,2026-01-02 08:30:00+00:00,2026-01-02 12:15:00+00:00,1.17435,1.17143,1.17581,1.17143,0.0029200000000000337,TP,16,0.0030399999999999316,0.00034000000000000696,SWEEP_EXTREME,FIXED_RR,CONFIRMED,BUY_SIDE,M15,1.17532,0.7958723041747158,NEUTRAL,STRONG_DISPLACEMENT,4.522001728267658,BOS,False,RANGE,LOW_VOLATILITY,8
H3,228,223,1,2026-01-06 09:15:00+00:00,2026-01-06 09:45:00+00:00,1.17378,1.1726599999999998,1.1726599999999998,1.1760200000000005,-0.001120000000000232,SL,3,0.000140000000000029,0.0012000000000000899,SWEEP_EXTREME,FIXED_RR,CONFIRMED,SELL_SIDE,M15,1.17313,1.5094254589233456,BULLISH,MODERATE_DISPLACEMENT,1.3633520274142337,CHOCH,False,STRONG_UPTREND,LOW_VOLATILITY,9
H3,404,401,1,2026-01-08 05:15:00+00:00,2026-01-08 10:15:00+00:00,1.16803,1.16719,1.16719,1.1697099999999998,-0.0008399999999999519,SL,21,0.000260000000000149,0.0008399999999999519,SWEEP_EXTREME,FIXED_RR,CONFIRMED,SELL_SIDE,M15,1.16727,1.1413300999786082,NEUTRAL,STRONG_DISPLACEMENT,2.2090259999581217,CHOCH,False,STRONG_DOWNTREND,LOW_VOLATILITY,5
H3,416,413,1,2026-01-08 08:15:00+00:00,2026-01-08 08:15:00+00:00,1.16811,1.16767,1.16767,1.16899,-0.00043999999999999595,SL,1,2.999999999997449e-05,0.0006399999999999739,SWEEP_EXTREME,FIXED_RR,CONFIRMED,SELL_SIDE,M15,1.16777,0.9161522453894264,NEUTRAL,MODERATE_DISPLACEMENT,1.314479308602259,BOS,False,STRONG_DOWNTREND,LOW_VOLATILITY,8
H3,417,414,-1,2026-01-08 08:30:00+00:00,2026-01-08 15:45:00+00:00,1.16757,1.1660899999999996,1.1683100000000002,1.1660899999999996,0.00148000000000037,TP,30,0.0017499999999999183,0.0007099999999999884,SWEEP_EXTREME,FIXED_RR,CONFIRMED,BUY_SIDE,M15,1.16809,1.7950397446661128,NEUTRAL,STRONG_DISPLACEMENT,2.1316096967906977,CHOCH,False,STRONG_DOWNTREND,LOW_VOLATILITY,8
H3,605,602,1,2026-01-12 07:30:00+00:00,2026-01-12 11:00:00+00:00,1.16656,1.1692200000000001,1.16523,1.1692200000000001,0.0026600000000001067,TP,15,0.002809999999999979,0.00017000000000000348,SWEEP_EXTREME,FIXED_RR,CONFIRMED,SELL_SIDE,M15,1.16537,0.5653422135030899,BEARISH,STRONG_DISPLACEMENT,2.2048346326625112,CHOCH,False,UPTREND,NORMAL_VOLATILITY,7
H3,642,639,-1,2026-01-12 16:45:00+00:00,2026-01-13 16:30:00+00:00,1.16765,1.1661,1.1699000000000002,1.16315,0.0015500000000001624,TIME,96,0.002650000000000041,0.0009399999999999409,SWEEP_EXTREME,FIXED_RR,CONFIRMED,BUY_SIDE,M15,1.16956,1.0842866471950672,NEUTRAL,STRONG_DISPLACEMENT,2.2953080973085913,CHOCH,False,STRONG_UPTREND,NORMAL_VOLATILITY,16
H3,788,784,1,2026-01-14 05:15:00+00:00,2026-01-14 21:45:00+00:00,1.16449,1.1635499999999999,1.1635499999999999,1.1663700000000004,-0.0009400000000001629,SL,67,0.0016700000000000603,0.0009699999999999154,SWEEP_EXTREME,FIXED_RR,CONFIRMED,SELL_SIDE,M15,1.16367,1.0398337181141162,BEARISH,MODERATE_DISPLACEMENT,1.8044173343740564,CHOCH,False,STRONG_DOWNTREND,LOW_VOLATILITY,5
H3,815,809,1,2026-01-14 12:00:00+00:00,2026-01-14 20:30:00+00:00,1.16517,1.16404,1.16404,1.1674300000000002,-0.0011300000000000754,SL,35,0.0009900000000000464,0.0011600000000000499,SWEEP_EXTREME,FIXED_RR,CONFIRMED,SELL_SIDE,M15,1.16413,1.4505797802504896,BULLISH,STRONG_DISPLACEMENT,2.042653159945305,CHOCH,False,STRONG_DOWNTREND,LOW_VOLATILITY,12
H3,815,809,1,2026-01-14 12:00:00+00:00,2026-01-14 20:30:00+00:00,1.16517,1.16404,1.16404,1.1674300000000002,-0.0011300000000000754,SL,35,0.0009900000000000464,0.0011600000000000499,SWEEP_EXTREME,FIXED_RR,CONFIRMED,SELL_SIDE,M15,1.16444,1.4505797802504896,BULLISH,STRONG_DISPLACEMENT,2.042653159945305,CHOCH,False,STRONG_DOWNTREND,LOW_VOLATILITY,12
H3,1031,1028,-1,2026-01-16 18:00:00+00:00,2026-01-19 01:30:00+00:00,1.15933,1.1625500000000002,1.1625500000000002,1.1528899999999995,-0.0032200000000002227,SL,31,0.0015799999999999148,0.0033600000000000296,SWEEP_EXTREME,FIXED_RR,CONFIRMED,BUY_SIDE,M15,1.16235,1.4841922904603932,NEUTRAL,STRONG_DISPLACEMENT,6.700068054077069,CHOCH,False,DOWNTREND,NORMAL_VOLATILITY,18
H3,1031,1028,-1,2026-01-16 18:00:00+00:00,2026-01-19 01:30:00+00:00,1.15933,1.1625500000000002,1.1625500000000002,1.1528899999999995,-0.0032200000000002227,SL,31,0.0015799999999999148,0.0033600000000000296,SWEEP_EXTREME,FIXED_RR,CONFIRMED,BUY_SIDE,M15,1.16211,1.4841922904603932,NEUTRAL,STRONG_DISPLACEMENT,6.700068054077069,CHOCH,False,DOWNTREND,NORMAL_VOLATILITY,18
H3,1093,1090,1,2026-01-19 09:30:00+00:00,2026-01-19 09:30:00+00:00,1.16355,1.16251,1.16251,1.1656300000000004,-0.001040000000000152,SL,1,0.0,0.001180000000000181,SWEEP_EXTREME,FIXED_RR,CONFIRMED,SELL_SIDE,M15,1.16266,1.0475681355574429,NEUTRAL,MODERATE_DISPLACEMENT,1.7400284285533947,CHOCH,False,UPTREND,NORMAL_VOLATILITY,9
H3,1096,1092,-1,2026-01-19 10:15:00+00:00,2026-01-19 16:45:00+00:00,1.16214,1.1641800000000002,1.1641800000000002,1.1580599999999994,-0.002040000000000264,SL,27,0.0010399999999999299,0.002120000000000122,SWEEP_EXTREME,FIXED_RR,CONFIRMED,BUY_SIDE,M15,1.16324,2.246513681074118,NEUTRAL,STRONG_DISPLACEMENT,2.2303517121454215,CHOCH,True,UPTREND,NORMAL_VOLATILITY,10
H3,1096,1092,-1,2026-01-19 10:15:00+00:00,2026-01-19 16:45:00+00:00,1.16214,1.1641800000000002,1.1641800000000002,1.1580599999999994,-0.002040000000000264,SL,27,0.0010399999999999299,0.002120000000000122,SWEEP_EXTREME,FIXED_RR,CONFIRMED,BUY_SIDE,M15,1.16374,2.246513681074118,NEUTRAL,STRONG_DISPLACEMENT,2.2303517121454215,CHOCH,True,UPTREND,NORMAL_VOLATILITY,10
H3,1096,1092,-1,2026-01-19 10:15:00+00:00,2026-01-19 16:45:00+00:00,1.16214,1.1641800000000002,1.1641800000000002,1.1580599999999994,-0.002040000000000264,SL,27,0.0010399999999999299,0.002120000000000122,SWEEP_EXTREME,FIXED_RR,CONFIRMED,BUY_SIDE,M15,1.16409,2.246513681074118,NEUTRAL,STRONG_DISPLACEMENT,2.2303517121454215,CHOCH,True,UPTREND,NORMAL_VOLATILITY,10
H3,1096,1092,-1,2026-01-19 10:15:00+00:00,2026-01-19 16:45:00+00:00,1.16214,1.1641800000000002,1.1641800000000002,1.1580599999999994,-0.002040000000000264,SL,27,0.0010399999999999299,0.002120000000000122,SWEEP_EXTREME,FIXED_RR,CONFIRMED,BUY_SIDE,M15,1.16378,2.246513681074118,NEUTRAL,STRONG_DISPLACEMENT,2.2303517121454215,CHOCH,True,UPTREND,NORMAL_VOLATILITY,10
H3,1157,1153,-1,2026-01-20 01:30:00+00:00,2026-01-20 05:15:00+00:00,1.16399,1.16474,1.16474,1.16249,-0.0007500000000000284,SL,16,0.000740000000000185,0.0015499999999999403,SWEEP_EXTREME,FIXED_RR,CONFIRMED,BUY_SIDE,M15,1.16468,0.5626070356170912,NEUTRAL,MODERATE_DISPLACEMENT,1.4230648547959126,CHOCH,True,STRONG_UPTREND,LOW_VOLATILITY,1
H3,1157,1153,-1,2026-01-20 01:30:00+00:00,2026-01-20 05:15:00+00:00,1.16399,1.16474,1.16474,1.16249,-0.0007500000000000284,SL,16,0.000740000000000185,0.0015499999999999403,SWEEP_EXTREME,FIXED_RR,CONFIRMED,BUY_SIDE,M15,1.16462,0.5626070356170912,NEUTRAL,MODERATE_DISPLACEMENT,1.4230648547959126,CHOCH,True,STRONG_UPTREND,LOW_VOLATILITY,1
H3,1213,1209,-1,2026-01-20 15:30:00+00:00,2026-01-20 15:30:00+00:00,1.17216,1.17442,1.17442,1.1676400000000002,-0.0022599999999999287,SL,1,0.0003300000000001635,0.0047199999999998354,SWEEP_EXTREME,FIXED_RR,CONFIRMED,BUY_SIDE,H4,1.17427,0.699622080714968,BULLISH,MODERATE_DISPLACEMENT,1.767466309174914,CHOCH,False,STRONG_UPTREND,HIGH_VOLATILITY,15
H3,1258,1255,-1,2026-01-21 02:45:00+00:00,2026-01-21 03:15:00+00:00,1.17184,1.1729200000000002,1.1729200000000002,1.1696799999999996,-0.001080000000000192,SL,3,0.00019999999999997797,0.0013499999999999623,SWEEP_EXTREME,FIXED_RR,CONFIRMED,BUY_SIDE,M15,1.17266,0.7108211036951146,NEUTRAL,MODERATE_DISPLACEMENT,1.698072636604509,CHOCH,False,STRONG_UPTREND,LOW_VOLATILITY,2
H3,1258,1255,-1,2026-01-21 02:45:00+00:00,2026-01-21 03:15:00+00:00,1.17184,1.1729200000000002,1.1729200000000002,1.1696799999999996,-0.001080000000000192,SL,3,0.00019999999999997797,0.0013499999999999623,SWEEP_EXTREME,FIXED_RR,CONFIRMED,BUY_SIDE,M15,1.17255,0.7108211036951146,NEUTRAL,MODERATE_DISPLACEMENT,1.698072636604509,CHOCH,False,STRONG_UPTREND,LOW_VOLATILITY,2
H3,1314,1311,-1,2026-01-21 16:45:00+00:00,2026-01-21 21:15:00+00:00,1.17261,1.1691299999999998,1.17435,1.1691299999999998,0.0034800000000001496,TP,19,0.0046199999999998465,0.000360000000000138,SWEEP_EXTREME,FIXED_RR,CONFIRMED,BUY_SIDE,M15,1.17427,1.6430605012845618,BULLISH,STRONG_DISPLACEMENT,2.001546428837955,CHOCH,False,STRONG_UPTREND,NORMAL_VOLATILITY,16
H3,1314,1311,-1,2026-01-21 16:45:00+00:00,2026-01-21 21:15:00+00:00,1.17261,1.1691299999999998,1.17435,1.1691299999999998,0.0034800000000001496,TP,19,0.0046199999999998465,0.000360000000000138,SWEEP_EXTREME,FIXED_RR,CONFIRMED,BUY_SIDE,M15,1.17397,1.6430605012845618,BULLISH,STRONG_DISPLACEMENT,2.001546428837955,CHOCH,False,STRONG_UPTREND,NORMAL_VOLATILITY,16
H3,1568,1565,-1,2026-01-26 08:15:00+00:00,2026-01-26 16:30:00+00:00,1.18524,1.1870200000000002,1.1870200000000002,1.1816799999999998,-0.0017800000000001148,SL,34,0.0017500000000001403,0.0020499999999998852,SWEEP_EXTREME,FIXED_RR,CONFIRMED,BUY_SIDE,M15,1.18691,1.2685718478225836,BEARISH,MODERATE_DISPLACEMENT,1.617429105973706,CHOCH,False,STRONG_UPTREND,HIGH_VOLATILITY,8
H3,1601,1596,1,2026-01-26 16:30:00+00:00,2026-01-27 14:15:00+00:00,1.18669,1.1931900000000004,1.1834399999999998,1.1931900000000004,0.006500000000000394,TP,88,0.006550000000000056,0.0016700000000000603,SWEEP_EXTREME,FIXED_RR,CONFIRMED,SELL_SIDE,M15,1.18364,1.049092182157197,NEUTRAL,MODERATE_DISPLACEMENT,1.9639981549686527,CHOCH,True,STRONG_UPTREND,HIGH_VOLATILITY,16
H3,1782,1779,-1,2026-01-28 13:45:00+00:00,2026-01-28 21:00:00+00:00,1.19666,1.1909199999999998,1.1995300000000002,1.1909199999999998,0.0057400000000003,TP,30,0.007100000000000106,0.0016699999999998383,SWEEP_EXTREME,FIXED_RR,CONFIRMED,BUY_SIDE,M15,1.19927,0.8068654474224295,NEUTRAL,MODERATE_DISPLACEMENT,1.9025037918171008,BOS,False,STRONG_UPTREND,HIGH_VOLATILITY,13
H3,1817,1812,1,2026-01-28 22:30:00+00:00,2026-01-29 22:15:00+00:00,1.19438,1.19597,1.1895099999999998,1.2041200000000003,0.0015899999999999803,TIME,96,0.005249999999999977,0.0037799999999998946,SWEEP_EXTREME,FIXED_RR,CONFIRMED,SELL_SIDE,M15,1.19141,2.501418428538258,NEUTRAL,STRONG_DISPLACEMENT,2.019614878978181,CHOCH,True,RANGE,HIGH_VOLATILITY,22
H3,1863,1860,-1,2026-01-29 10:00:00+00:00,2026-01-29 17:15:00+00:00,1.1974,1.19284,1.19968,1.19284,0.0045600000000001195,TP,30,0.006799999999999917,0.0011699999999998933,SWEEP_EXTREME,FIXED_RR,CONFIRMED,BUY_SIDE,M15,1.19889,1.5935041960016967,BEARISH,MODERATE_DISPLACEMENT,1.5035483139693175,CHOCH,False,STRONG_UPTREND,NORMAL_VOLATILITY,10
H3,1863,1860,-1,2026-01-29 10:00:00+00:00,2026-01-29 17:15:00+00:00,1.1974,1.19284,1.19968,1.19284,0.0045600000000001195,TP,30,0.006799999999999917,0.0011699999999998933,SWEEP_EXTREME,FIXED_RR,CONFIRMED,BUY_SIDE,M15,1.19948,1.5935041960016967,BEARISH,MODERATE_DISPLACEMENT,1.5035483139693175,CHOCH,False,STRONG_UPTREND,NORMAL_VOLATILITY,10
H3,1863,1860,-1,2026-01-29 10:00:00+00:00,2026-01-29 17:15:00+00:00,1.1974,1.19284,1.19968,1.19284,0.0045600000000001195,TP,30,0.006799999999999917,0.0011699999999998933,SWEEP_EXTREME,FIXED_RR,CONFIRMED,BUY_SIDE,M15,1.19934,1.5935041960016967,BEARISH,MODERATE_DISPLACEMENT,1.5035483139693175,CHOCH,False,STRONG_UPTREND,NORMAL_VOLATILITY,10
H3,1894,1891,-1,2026-01-29 17:45:00+00:00,2026-01-30 01:15:00+00:00,1.19133,1.1971800000000001,1.1971800000000001,1.1796299999999997,-0.005850000000000133,SL,31,5.0000000000105516e-05,0.006080000000000085,SWEEP_EXTREME,FIXED_RR,CONFIRMED,BUY_SIDE,M15,1.19708,0.9636244812661966,NEUTRAL,STRONG_DISPLACEMENT,5.323323590683663,CHOCH,False,RANGE,HIGH_VOLATILITY,17
H3,2321,2318,-1,2026-02-05 04:30:00+00:00,2026-02-05 10:15:00+00:00,1.17947,1.18086,1.18086,1.17669,-0.0013900000000000023,SL,24,0.0012099999999999334,0.0014000000000000679,SWEEP_EXTREME,FIXED_RR,CONFIRMED,BUY_SIDE,M15,1.18077,1.4378838511491467,BEARISH,STRONG_DISPLACEMENT,2.4514741068775945,BOS,False,STRONG_DOWNTREND,LOW_VOLATILITY,4
H3,2321,2318,-1,2026-02-05 04:30:00+00:00,2026-02-05 10:15:00+00:00,1.17947,1.18086,1.18086,1.17669,-0.0013900000000000023,SL,24,0.0012099999999999334,0.0014000000000000679,SWEEP_EXTREME,FIXED_RR,CONFIRMED,BUY_SIDE,M15,1.18074,1.4378838511491467,BEARISH,STRONG_DISPLACEMENT,2.4514741068775945,BOS,False,STRONG_DOWNTREND,LOW_VOLATILITY,4
H3,2411,2408,1,2026-02-06 03:00:00+00:00,2026-02-06 07:15:00+00:00,1.17827,1.1800700000000002,1.1773699999999998,1.1800700000000002,0.0018000000000002458,TP,18,0.0018500000000001293,0.00042999999999993044,SWEEP_EXTREME,FIXED_RR,CONFIRMED,SELL_SIDE,M15,1.17747,0.9712045828893096,NEUTRAL,MODERATE_DISPLACEMENT,1.6996080200560673,CHOCH,True,STRONG_DOWNTREND,NORMAL_VOLATILITY,3
H3,2437,2434,-1,2026-02-06 09:30:00+00:00,2026-02-06 15:30:00+00:00,1.17935,1.1802100000000002,1.1802100000000002,1.1776299999999993,-0.000860000000000305,SL,25,0.0008099999999999774,0.0012000000000000899,SWEEP_EXTREME,FIXED_RR,CONFIRMED,BUY_SIDE,M15,1.18012,1.3231821380508204,BULLISH,MODERATE_DISPLACEMENT,1.4144360786056303,CHOCH,False,DOWNTREND,LOW_VOLATILITY,9
H3,2495,2492,-1,2026-02-09 00:00:00+00:00,2026-02-09 01:45:00+00:00,1.18095,1.18239,1.18239,1.1780699999999997,-0.0014400000000001079,SL,8,0.00017000000000000348,0.0018100000000000893,SWEEP_EXTREME,FIXED_RR,CONFIRMED,BUY_SIDE,M15,1.18228,0.45175256100903005,NEUTRAL,MODERATE_DISPLACEMENT,1.5713132556837346,CHOCH,False,STRONG_UPTREND,LOW_VOLATILITY,0
H3,2656,2652,1,2026-02-10 16:15:00+00:00,2026-02-10 21:00:00+00:00,1.19154,1.1887599999999998,1.1887599999999998,1.1971000000000005,-0.0027800000000002267,SL,20,0.0013199999999999878,0.0028799999999999937,SWEEP_EXTREME,FIXED_RR,CONFIRMED,SELL_SIDE,M15,1.18906,1.1979197593725772,BEARISH,MODERATE_DISPLACEMENT,1.8890273128565074,CHOCH,True,STRONG_UPTREND,NORMAL_VOLATILITY,16
H3,2679,2676,1,2026-02-10 22:00:00+00:00,2026-02-11 02:00:00+00:00,1.19022,1.18861,1.18861,1.1934400000000003,-0.0016100000000001113,SL,17,0.0001100000000000545,0.0016599999999999948,SWEEP_EXTREME,FIXED_RR,CONFIRMED,SELL_SIDE,M15,1.18881,0.7918852855629009,BEARISH,MODERATE_DISPLACEMENT,1.531843667154412,CHOCH,True,STRONG_UPTREND,NORMAL_VOLATILITY,22
H3,2698,2695,1,2026-02-11 02:45:00+00:00,2026-02-11 08:00:00+00:00,1.18971,1.1919900000000003,1.18857,1.1919900000000003,0.002280000000000282,TP,22,0.0028399999999999537,0.00034000000000000696,SWEEP_EXTREME,FIXED_RR,CONFIRMED,SELL_SIDE,M15,1.18866,0.5105389461889558,BEARISH,STRONG_DISPLACEMENT,2.0208833286644787,CHOCH,True,STRONG_UPTREND,LOW_VOLATILITY,2
H3,2742,2738,-1,2026-02-11 13:45:00+00:00,2026-02-11 15:30:00+00:00,1.19074,1.1872799999999994,1.1924700000000001,1.1872799999999994,0.0034600000000004627,TP,8,0.0074599999999998,0.000640000000000196,SWEEP_EXTREME,FIXED_RR,CONFIRMED,BUY_SIDE,M15,1.19199,1.5793619262069432,NEUTRAL,MODERATE_DISPLACEMENT,1.7506180386866235,CHOCH,False,STRONG_UPTREND,NORMAL_VOLATILITY,13
H3,2843,2840,-1,2026-02-12 15:00:00+00:00,2026-02-12 16:00:00+00:00,1.18728,1.18866,1.18866,1.1845199999999996,-0.0013800000000001589,SL,5,0.00014999999999987246,0.0014800000000001479,SWEEP_EXTREME,FIXED_RR,CONFIRMED,BUY_SIDE,M15,1.18844,0.6598053518062197,NEUTRAL,MODERATE_DISPLACEMENT,1.6495133795157157,CHOCH,False,RANGE,NORMAL_VOLATILITY,15
H3,2858,2855,-1,2026-02-12 18:45:00+00:00,2026-02-13 09:00:00+00:00,1.18758,1.18498,1.1888800000000002,1.18498,0.0026000000000001577,TP,58,0.002850000000000019,0.00010999999999983245,SWEEP_EXTREME,FIXED_RR,CONFIRMED,BUY_SIDE,M15,1.18879,0.9968423546374419,BULLISH,MODERATE_DISPLACEMENT,1.3025406767261827,BOS,False,RANGE,HIGH_VOLATILITY,18
H3,2894,2891,-1,2026-02-13 03:45:00+00:00,2026-02-13 09:00:00+00:00,1.18649,1.18491,1.1872800000000001,1.18491,0.0015800000000001369,TP,22,0.0017599999999999838,0.0006099999999999994,SWEEP_EXTREME,FIXED_RR,CONFIRMED,BUY_SIDE,M15,1.18715,1.2698807718116407,NEUTRAL,MODERATE_DISPLACEMENT,1.566186285234451,CHOCH,False,STRONG_DOWNTREND,LOW_VOLATILITY,3
H3,2954,2951,1,2026-02-13 18:45:00+00:00,2026-02-16 18:30:00+00:00,1.1872,1.1854,1.18468,1.1922400000000002,-0.0018000000000000238,TIME,96,0.0010699999999999044,0.0023900000000001143,SWEEP_EXTREME,FIXED_RR,CONFIRMED,SELL_SIDE,M15,1.1857,1.5611499647683809,NEUTRAL,STRONG_DISPLACEMENT,2.562439252516515,CHOCH,True,RANGE,HIGH_VOLATILITY,18
H3,2954,2951,1,2026-02-13 18:45:00+00:00,2026-02-16 18:30:00+00:00,1.1872,1.1854,1.18468,1.1922400000000002,-0.0018000000000000238,TIME,96,0.0010699999999999044,0.0023900000000001143,SWEEP_EXTREME,FIXED_RR,CONFIRMED,SELL_SIDE,M15,1.18558,1.5611499647683809,NEUTRAL,STRONG_DISPLACEMENT,2.562439252516515,CHOCH,True,RANGE,HIGH_VOLATILITY,18
H3,2954,2951,1,2026-02-13 18:45:00+00:00,2026-02-16 18:30:00+00:00,1.1872,1.1854,1.18468,1.1922400000000002,-0.0018000000000000238,TIME,96,0.0010699999999999044,0.0023900000000001143,SWEEP_EXTREME,FIXED_RR,CONFIRMED,SELL_SIDE,M15,1.18523,1.5611499647683809,NEUTRAL,STRONG_DISPLACEMENT,2.562439252516515,CHOCH,True,RANGE,HIGH_VOLATILITY,18
H3,2954,2951,1,2026-02-13 18:45:00+00:00,2026-02-16 18:30:00+00:00,1.1872,1.1854,1.18468,1.1922400000000002,-0.0018000000000000238,TIME,96,0.0010699999999999044,0.0023900000000001143,SWEEP_EXTREME,FIXED_RR,CONFIRMED,SELL_SIDE,M15,1.18544,1.5611499647683809,NEUTRAL,STRONG_DISPLACEMENT,2.562439252516515,CHOCH,True,RANGE,HIGH_VOLATILITY,18
H3,3010,3007,1,2026-02-16 08:45:00+00:00,2026-02-16 10:15:00+00:00,1.187,1.1858799999999998,1.1858799999999998,1.1892400000000005,-0.001120000000000232,SL,7,2.999999999997449e-05,0.0012600000000000389,SWEEP_EXTREME,FIXED_RR,CONFIRMED,SELL_SIDE,M15,1.18603,1.7227335745290588,BEARISH,MODERATE_DISPLACEMENT,1.2797449410786514,CHOCH,True,RANGE,LOW_VOLATILITY,8
H3,3083,3080,-1,2026-02-17 03:00:00+00:00,2026-02-17 13:45:00+00:00,1.18434,1.1825399999999997,1.18524,1.1825399999999997,0.0018000000000002458,TP,44,0.0019400000000000528,0.0006399999999999739,SWEEP_EXTREME,FIXED_RR,CONFIRMED,BUY_SIDE,M15,1.18518,1.5367137536427,BEARISH,STRONG_DISPLACEMENT,2.1304440675501244,BOS,False,STRONG_DOWNTREND,LOW_VOLATILITY,3
H3,3146,3141,1,2026-02-17 18:45:00+00:00,2026-02-18 18:30:00+00:00,1.18318,1.18109,1.18072,1.1880999999999997,-0.0020899999999999253,TIME,96,0.0025600000000001177,0.002389999999999892,SWEEP_EXTREME,FIXED_RR,CONFIRMED,SELL_SIDE,M15,1.18078,1.2696949215297357,BEARISH,MODERATE_DISPLACEMENT,1.8397620291553372,CHOCH,True,STRONG_DOWNTREND,NORMAL_VOLATILITY,18
H3,3146,3141,1,2026-02-17 18:45:00+00:00,2026-02-18 18:30:00+00:00,1.18318,1.18109,1.18072,1.1880999999999997,-0.0020899999999999253,TIME,96,0.0025600000000001177,0.002389999999999892,SWEEP_EXTREME,FIXED_RR,CONFIRMED,SELL_SIDE,M15,1.18096,1.2696949215297357,BEARISH,MODERATE_DISPLACEMENT,1.8397620291553372,CHOCH,True,STRONG_DOWNTREND,NORMAL_VOLATILITY,18
H3,3146,3142,1,2026-02-17 18:45:00+00:00,2026-02-18 18:30:00+00:00,1.18318,1.18109,1.18041,1.1887199999999998,-0.0020899999999999253,TIME,96,0.0025600000000001177,0.002389999999999892,SWEEP_EXTREME,FIXED_RR,CONFIRMED,SELL_SIDE,M15,1.18048,0.851748382918608,BEARISH,STRONG_DISPLACEMENT,2.4242069359988463,CHOCH,True,STRONG_DOWNTREND,NORMAL_VOLATILITY,18
H3,3217,3214,1,2026-02-18 12:30:00+00:00,2026-02-18 15:45:00+00:00,1.18391,1.18274,1.18274,1.1862500000000002,-0.0011700000000001154,SL,14,0.0009399999999999409,0.0015600000000000058,SWEEP_EXTREME,FIXED_RR,CONFIRMED,SELL_SIDE,M15,1.1828,1.4184510327237188,NEUTRAL,MODERATE_DISPLACEMENT,1.5544668851767254,CHOCH,True,STRONG_DOWNTREND,NORMAL_VOLATILITY,12
H3,3231,3228,-1,2026-02-18 16:00:00+00:00,2026-02-19 14:15:00+00:00,1.18236,1.17728,1.1849,1.17728,0.005079999999999973,TP,90,0.005319999999999991,0.00041000000000002146,SWEEP_EXTREME,FIXED_RR,CONFIRMED,BUY_SIDE,M15,1.18472,1.58585758943491,BULLISH,STRONG_DISPLACEMENT,3.7483906659368422,CHOCH,False,DOWNTREND,NORMAL_VOLATILITY,16
H3,3387,3384,-1,2026-02-20 07:00:00+00:00,2026-02-20 09:00:00+00:00,1.17529,1.17599,1.17599,1.1738899999999997,-0.000700000000000145,SL,9,0.00028999999999990145,0.0008600000000000829,SWEEP_EXTREME,FIXED_RR,CONFIRMED,BUY_SIDE,M15,1.17588,0.6860439445276075,BEARISH,MODERATE_DISPLACEMENT,1.4737240289853355,BOS,True,STRONG_DOWNTREND,LOW_VOLATILITY,7
H3,3399,3396,-1,2026-02-20 10:00:00+00:00,2026-02-20 10:30:00+00:00,1.17511,1.1762000000000001,1.1762000000000001,1.17293,-0.0010900000000000354,SL,3,0.0007900000000000684,0.0012299999999998423,SWEEP_EXTREME,FIXED_RR,CONFIRMED,BUY_SIDE,M15,1.17567,1.6912459294447049,BEARISH,STRONG_DISPLACEMENT,2.46438692576207,CHOCH,True,STRONG_DOWNTREND,LOW_VOLATILITY,10
H3,3399,3396,-1,2026-02-20 10:00:00+00:00,2026-02-20 10:30:00+00:00,1.17511,1.1762000000000001,1.1762000000000001,1.17293,-0.0010900000000000354,SL,3,0.0007900000000000684,0.0012299999999998423,SWEEP_EXTREME,FIXED_RR,CONFIRMED,BUY_SIDE,M15,1.17596,1.6912459294447049,BEARISH,STRONG_DISPLACEMENT,2.46438692576207,CHOCH,True,STRONG_DOWNTREND,LOW_VOLATILITY,10
H3,3404,3399,1,2026-02-20 11:15:00+00:00,2026-02-20 17:00:00+00:00,1.17648,1.1796200000000001,1.17491,1.1796200000000001,0.0031400000000001427,TP,24,0.0034400000000001096,0.0009600000000000719,SWEEP_EXTREME,FIXED_RR,CONFIRMED,SELL_SIDE,M15,1.17513,1.726488505679339,NEUTRAL,MODERATE_DISPLACEMENT,1.3475032239447247,CHOCH,False,STRONG_DOWNTREND,NORMAL_VOLATILITY,11
H3,3404,3399,1,2026-02-20 11:15:00+00:00,2026-02-20 17:00:00+00:00,1.17648,1.1796200000000001,1.17491,1.1796200000000001,0.0031400000000001427,TP,24,0.0034400000000001096,0.0009600000000000719,SWEEP_EXTREME,FIXED_RR,CONFIRMED,SELL_SIDE,M15,1.175,1.726488505679339,NEUTRAL,MODERATE_DISPLACEMENT,1.3475032239447247,CHOCH,False,STRONG_DOWNTREND,NORMAL_VOLATILITY,11
H3,3429,3426,1,2026-02-20 17:30:00+00:00,2026-02-23 17:15:00+00:00,1.17994,1.18031,1.1755399999999998,1.1887400000000004,0.00036999999999998145,TIME,96,0.0035199999999999676,0.003390000000000004,SWEEP_EXTREME,FIXED_RR,CONFIRMED,SELL_SIDE,M15,1.17571,1.1057113322102339,NEUTRAL,STRONG_DISPLACEMENT,4.573624146869476,CHOCH,False,RANGE,HIGH_VOLATILITY,17
H3,3565,3562,-1,2026-02-24 03:30:00+00:00,2026-02-25 03:15:00+00:00,1.17735,1.17787,1.17967,1.1727099999999997,-0.000520000000000076,TIME,96,0.0007599999999998719,0.0019400000000000528,SWEEP_EXTREME,FIXED_RR,CONFIRMED,BUY_SIDE,M15,1.17952,1.4348991821610133,NEUTRAL,STRONG_DISPLACEMENT,4.216396058351412,BOS,True,DOWNTREND,NORMAL_VOLATILITY,3
H3,3577,3572,-1,2026-02-24 06:30:00+00:00,2026-02-24 10:15:00+00:00,1.17709,1.1785700000000001,1.1785700000000001,1.1741299999999997,-0.0014800000000001479,SL,16,0.00031000000000003247,0.0017199999999999438,SWEEP_EXTREME,FIXED_RR,CONFIRMED,BUY_SIDE,M15,1.17845,0.6136347587760793,BEARISH,MODERATE_DISPLACEMENT,1.4931779130222018,BOS,True,STRONG_DOWNTREND,LOW_VOLATILITY,6
H3,3858,3855,1,2026-02-27 10:00:00+00:00,2026-02-27 11:45:00+00:00,1.18148,1.17979,1.17979,1.1848600000000005,-0.0016900000000001913,SL,8,0.0006800000000000139,0.0021999999999999797,SWEEP_EXTREME,FIXED_RR,CONFIRMED,SELL_SIDE,M15,1.18019,1.223657796061661,NEUTRAL,STRONG_DISPLACEMENT,3.49923194312399,CHOCH,True,UPTREND,NORMAL_VOLATILITY,10
H3,3986,3981,-1,2026-03-02 18:00:00+00:00,2026-03-03 11:45:00+00:00,1.16799,1.1600100000000002,1.17198,1.1600100000000002,0.007979999999999876,TP,72,0.008130000000000193,0.003349999999999964,SWEEP_EXTREME,FIXED_RR,CONFIRMED,BUY_SIDE,M15,1.17183,1.4724929827118554,BEARISH,MODERATE_DISPLACEMENT,1.302262580086227,BOS,True,STRONG_DOWNTREND,HIGH_VOLATILITY,18
H3,4219,4216,-1,2026-03-05 04:15:00+00:00,2026-03-05 08:00:00+00:00,1.16295,1.1593899999999997,1.16473,1.1593899999999997,0.0035600000000002296,TP,16,0.004149999999999876,0.000220000000000109,SWEEP_EXTREME,FIXED_RR,CONFIRMED,BUY_SIDE,M15,1.16461,1.099303490098295,BULLISH,STRONG_DISPLACEMENT,3.278956961844791,CHOCH,True,DOWNTREND,NORMAL_VOLATILITY,4
H3,4219,4216,-1,2026-03-05 04:15:00+00:00,2026-03-05 08:00:00+00:00,1.16295,1.1593899999999997,1.16473,1.1593899999999997,0.0035600000000002296,TP,16,0.004149999999999876,0.000220000000000109,SWEEP_EXTREME,FIXED_RR,CONFIRMED,BUY_SIDE,M15,1.16452,1.099303490098295,BULLISH,STRONG_DISPLACEMENT,3.278956961844791,CHOCH,True,DOWNTREND,NORMAL_VOLATILITY,4
H3,4247,4244,1,2026-03-05 11:15:00+00:00,2026-03-05 17:15:00+00:00,1.16409,1.15818,1.15818,1.1759100000000002,-0.005910000000000082,SL,25,0.00014999999999987246,0.006310000000000038,SWEEP_EXTREME,FIXED_RR,CONFIRMED,SELL_SIDE,M15,1.15869,1.632592328722873,BEARISH,STRONG_DISPLACEMENT,6.167571019620637,CHOCH,False,RANGE,HIGH_VOLATILITY,11
H3,4247,4244,1,2026-03-05 11:15:00+00:00,2026-03-05 17:15:00+00:00,1.16409,1.15818,1.15818,1.1759100000000002,-0.005910000000000082,SL,25,0.00014999999999987246,0.006310000000000038,SWEEP_EXTREME,FIXED_RR,CONFIRMED,SELL_SIDE,M15,1.15875,1.632592328722873,BEARISH,STRONG_DISPLACEMENT,6.167571019620637,CHOCH,False,RANGE,HIGH_VOLATILITY,11
H3,4293,4290,1,2026-03-05 22:45:00+00:00,2026-03-06 13:00:00+00:00,1.16047,1.1569399999999999,1.1569399999999999,1.16753,-0.003530000000000033,SL,58,0.0016300000000000203,0.0038399999999998435,SWEEP_EXTREME,FIXED_RR,CONFIRMED,SELL_SIDE,M15,1.1571,0.6940284450811233,BEARISH,STRONG_DISPLACEMENT,2.767438424760346,BOS,False,STRONG_DOWNTREND,HIGH_VOLATILITY,22
H3,4457,4454,1,2026-03-09 15:45:00+00:00,2026-03-09 16:00:00+00:00,1.15784,1.15496,1.15496,1.1636,-0.0028799999999999937,SL,2,0.00043999999999999595,0.0030799999999999716,SWEEP_EXTREME,FIXED_RR,CONFIRMED,SELL_SIDE,M15,1.15551,1.0350069811297642,BULLISH,STRONG_DISPLACEMENT,2.053714639722305,CHOCH,False,RANGE,HIGH_VOLATILITY,15
H3,4655,4651,-1,2026-03-11 17:15:00+00:00,2026-03-12 17:00:00+00:00,1.15764,1.15141,1.1613300000000002,1.1502599999999996,0.006229999999999958,TIME,96,0.006550000000000056,0.00021999999999988695,SWEEP_EXTREME,FIXED_RR,CONFIRMED,BUY_SIDE,M15,1.16116,2.3922361082114074,BEARISH,MODERATE_DISPLACEMENT,1.3329433665680925,BOS,True,DOWNTREND,HIGH_VOLATILITY,17
H3,4655,4651,-1,2026-03-11 17:15:00+00:00,2026-03-12 17:00:00+00:00,1.15764,1.15141,1.1613300000000002,1.1502599999999996,0.006229999999999958,TIME,96,0.006550000000000056,0.00021999999999988695,SWEEP_EXTREME,FIXED_RR,CONFIRMED,BUY_SIDE,M15,1.16056,2.3922361082114074,BEARISH,MODERATE_DISPLACEMENT,1.3329433665680925,BOS,True,DOWNTREND,HIGH_VOLATILITY,17
H3,4713,4710,1,2026-03-12 07:45:00+00:00,2026-03-12 15:15:00+00:00,1.15439,1.1531399999999998,1.1531399999999998,1.1568900000000004,-0.0012500000000001954,SL,31,0.0022400000000000198,0.0023800000000000487,SWEEP_EXTREME,FIXED_RR,CONFIRMED,SELL_SIDE,M15,1.15322,0.5369982261011919,BEARISH,MODERATE_DISPLACEMENT,1.9331936139644499,CHOCH,False,STRONG_DOWNTREND,NORMAL_VOLATILITY,7
H3,4740,4737,-1,2026-03-12 14:30:00+00:00,2026-03-13 08:45:00+00:00,1.15405,1.1487899999999998,1.1566800000000002,1.1487899999999998,0.0052600000000002645,TP,74,0.005819999999999936,0.0009900000000000464,SWEEP_EXTREME,FIXED_RR,CONFIRMED,BUY_SIDE,M15,1.15629,1.2854279599345917,BULLISH,STRONG_DISPLACEMENT,3.5230247790799134,CHOCH,True,STRONG_DOWNTREND,NORMAL_VOLATILITY,14
H3,4797,4791,-1,2026-03-13 04:45:00+00:00,2026-03-13 09:00:00+00:00,1.15124,1.1476600000000001,1.15303,1.1476600000000001,0.0035799999999999166,TP,18,0.003810000000000091,0.00038999999999989043,SWEEP_EXTREME,FIXED_RR,CONFIRMED,BUY_SIDE,M15,1.15284,1.2957488452660715,BULLISH,STRONG_DISPLACEMENT,2.2326749333821856,CHOCH,True,STRONG_DOWNTREND,NORMAL_VOLATILITY,4
H3,4913,4910,1,2026-03-16 10:30:00+00:00,2026-03-16 15:45:00+00:00,1.14419,1.1498700000000004,1.1413499999999999,1.1498700000000004,0.0056800000000003514,TP,22,0.005879999999999885,0.000660000000000105,SWEEP_EXTREME,FIXED_RR,CONFIRMED,SELL_SIDE,M15,1.14241,2.1596003718748786,BEARISH,STRONG_DISPLACEMENT,3.4775917752986634,CHOCH,False,STRONG_DOWNTREND,NORMAL_VOLATILITY,10
H3,4992,4989,-1,2026-03-17 06:15:00+00:00,2026-03-17 08:00:00+00:00,1.14903,1.14679,1.15015,1.14679,0.0022400000000000198,TP,8,0.0024500000000000632,0.0009500000000000064,SWEEP_EXTREME,FIXED_RR,CONFIRMED,BUY_SIDE,M15,1.14996,0.8192537765955933,BEARISH,STRONG_DISPLACEMENT,2.098088940062903,CHOCH,True,UPTREND,NORMAL_VOLATILITY,6
H3,5220,5217,1,2026-03-19 15:15:00+00:00,2026-03-19 19:00:00+00:00,1.14882,1.1539599999999999,1.14625,1.1539599999999999,0.005139999999999922,TP,16,0.005810000000000093,0.0018899999999999473,SWEEP_EXTREME,FIXED_RR,CONFIRMED,SELL_SIDE,M15,1.14652,1.3871488200330024,BEARISH,STRONG_DISPLACEMENT,2.1081011672870758,CHOCH,False,STRONG_DOWNTREND,HIGH_VOLATILITY,15
H3,5303,5297,-1,2026-03-20 12:00:00+00:00,2026-03-23 12:45:00+00:00,1.15485,1.14856,1.15812,1.1483099999999997,0.006289999999999907,TIME,96,0.00649999999999995,0.0031400000000001427,SWEEP_EXTREME,FIXED_RR,CONFIRMED,BUY_SIDE,M15,1.158,1.1977391951423164,BULLISH,MODERATE_DISPLACEMENT,1.3688447944488058,CHOCH,True,STRONG_UPTREND,NORMAL_VOLATILITY,12
H3,5303,5297,-1,2026-03-20 12:00:00+00:00,2026-03-23 12:45:00+00:00,1.15485,1.14856,1.15812,1.1483099999999997,0.006289999999999907,TIME,96,0.00649999999999995,0.0031400000000001427,SWEEP_EXTREME,FIXED_RR,CONFIRMED,BUY_SIDE,M15,1.15769,1.1977391951423164,BULLISH,MODERATE_DISPLACEMENT,1.3688447944488058,CHOCH,True,STRONG_UPTREND,NORMAL_VOLATILITY,12
H3,5379,5376,-1,2026-03-23 08:00:00+00:00,2026-03-23 11:45:00+00:00,1.15341,1.1496499999999998,1.1552900000000002,1.1496499999999998,0.0037600000000002076,TP,16,0.004390000000000116,0.0011999999999998678,SWEEP_EXTREME,FIXED_RR,CONFIRMED,BUY_SIDE,M15,1.15514,0.6366402667181871,NEUTRAL,STRONG_DISPLACEMENT,2.235643727312092,CHOCH,True,RANGE,NORMAL_VOLATILITY,8
H3,5393,5389,-1,2026-03-23 11:30:00+00:00,2026-03-23 13:00:00+00:00,1.15148,1.1545800000000002,1.1545800000000002,1.1452799999999999,-0.0031000000000001027,SL,7,0.003130000000000077,0.010549999999999837,SWEEP_EXTREME,FIXED_RR,CONFIRMED,BUY_SIDE,M15,1.15402,1.5647613701596954,BEARISH,MODERATE_DISPLACEMENT,1.988550907911129,CHOCH,True,DOWNTREND,HIGH_VOLATILITY,11
H3,5599,5596,-1,2026-03-25 15:00:00+00:00,2026-03-26 13:15:00+00:00,1.15912,1.1545999999999996,1.16138,1.1545999999999996,0.0045200000000003016,TP,90,0.004889999999999839,0.0007500000000000284,SWEEP_EXTREME,FIXED_RR,CONFIRMED,BUY_SIDE,M15,1.16113,0.9314053335378639,BULLISH,STRONG_DISPLACEMENT,2.2120876671526855,CHOCH,True,UPTREND,HIGH_VOLATILITY,15
H3,5647,5644,-1,2026-03-26 03:00:00+00:00,2026-03-26 03:00:00+00:00,1.15581,1.1565100000000001,1.1565100000000001,1.1544099999999997,-0.000700000000000145,SL,1,1.0000000000065512e-05,0.0007500000000000284,SWEEP_EXTREME,FIXED_RR,CONFIRMED,BUY_SIDE,M15,1.15624,0.7916799329325975,BULLISH,MODERATE_DISPLACEMENT,1.262408541703588,CHOCH,True,STRONG_DOWNTREND,NORMAL_VOLATILITY,3
H3,5650,5646,1,2026-03-26 03:45:00+00:00,2026-03-26 08:00:00+00:00,1.15653,1.1553799999999999,1.1553799999999999,1.1588300000000005,-0.0011500000000002064,SL,18,0.0006999999999999229,0.0011799999999999589,SWEEP_EXTREME,FIXED_RR,CONFIRMED,SELL_SIDE,M15,1.15547,1.4331745853643725,BULLISH,STRONG_DISPLACEMENT,2.0562939703052634,CHOCH,False,STRONG_DOWNTREND,LOW_VOLATILITY,3
H3,5650,5646,1,2026-03-26 03:45:00+00:00,2026-03-26 08:00:00+00:00,1.15653,1.1553799999999999,1.1553799999999999,1.1588300000000005,-0.0011500000000002064,SL,18,0.0006999999999999229,0.0011799999999999589,SWEEP_EXTREME,FIXED_RR,CONFIRMED,SELL_SIDE,M15,1.1555,1.4331745853643725,BULLISH,STRONG_DISPLACEMENT,2.0562939703052634,CHOCH,False,STRONG_DOWNTREND,LOW_VOLATILITY,3
H3,5650,5646,1,2026-03-26 03:45:00+00:00,2026-03-26 08:00:00+00:00,1.15653,1.1553799999999999,1.1553799999999999,1.1588300000000005,-0.0011500000000002064,SL,18,0.0006999999999999229,0.0011799999999999589,SWEEP_EXTREME,FIXED_RR,CONFIRMED,SELL_SIDE,M15,1.15581,1.4331745853643725,BULLISH,STRONG_DISPLACEMENT,2.0562939703052634,CHOCH,False,STRONG_DOWNTREND,LOW_VOLATILITY,3
H3,5823,5820,-1,2026-03-30 00:00:00+00:00,2026-03-30 17:00:00+00:00,1.15008,1.146,1.15212,1.146,0.0040800000000000836,TP,69,0.0042199999999998905,0.0020299999999999763,SWEEP_EXTREME,FIXED_RR,CONFIRMED,BUY_SIDE,M15,1.15197,0.9103731116613889,NEUTRAL,MODERATE_DISPLACEMENT,1.331590521534947,BOS,True,STRONG_DOWNTREND,NORMAL_VOLATILITY,0
H3,5838,5835,1,2026-03-30 03:45:00+00:00,2026-03-30 12:15:00+00:00,1.15082,1.14861,1.14861,1.15524,-0.0022100000000000453,SL,35,0.0012900000000000134,0.0024999999999999467,SWEEP_EXTREME,FIXED_RR,CONFIRMED,SELL_SIDE,M15,1.14878,0.8007067848241136,BEARISH,STRONG_DISPLACEMENT,2.5229817559557004,CHOCH,False,STRONG_DOWNTREND,NORMAL_VOLATILITY,3
H3,5866,5863,-1,2026-03-30 10:45:00+00:00,2026-03-30 18:00:00+00:00,1.14984,1.1454199999999999,1.15205,1.1454199999999999,0.0044200000000000905,TP,30,0.005290000000000017,0.0001900000000001345,SWEEP_EXTREME,FIXED_RR,CONFIRMED,BUY_SIDE,M15,1.15196,1.547656404100651,NEUTRAL,STRONG_DISPLACEMENT,2.3810098524627437,BOS,True,STRONG_DOWNTREND,NORMAL_VOLATILITY,10
H3,5884,5881,-1,2026-03-30 15:15:00+00:00,2026-03-31 15:00:00+00:00,1.14758,1.1500800000000002,1.1500800000000002,1.1425799999999997,-0.0025000000000001688,SL,96,0.0033000000000000806,0.0025800000000000267,SWEEP_EXTREME,FIXED_RR,CONFIRMED,BUY_SIDE,M15,1.14988,1.754376429647543,NEUTRAL,STRONG_DISPLACEMENT,2.21677021730659,BOS,True,STRONG_DOWNTREND,NORMAL_VOLATILITY,15
H3,5884,5881,-1,2026-03-30 15:15:00+00:00,2026-03-31 15:00:00+00:00,1.14758,1.1500800000000002,1.1500800000000002,1.1425799999999997,-0.0025000000000001688,SL,96,0.0033000000000000806,0.0025800000000000267,SWEEP_EXTREME,FIXED_RR,CONFIRMED,BUY_SIDE,M15,1.14972,1.754376429647543,NEUTRAL,STRONG_DISPLACEMENT,2.21677021730659,BOS,True,STRONG_DOWNTREND,NORMAL_VOLATILITY,15
H3,5935,5932,1,2026-03-31 04:00:00+00:00,2026-03-31 16:45:00+00:00,1.14747,1.15235,1.14503,1.15235,0.0048799999999999955,TP,52,0.005789999999999962,0.0017599999999999838,SWEEP_EXTREME,FIXED_RR,CONFIRMED,SELL_SIDE,M15,1.14514,1.5392303143371155,NEUTRAL,STRONG_DISPLACEMENT,4.201193328544849,CHOCH,False,STRONG_DOWNTREND,NORMAL_VOLATILITY,4
H3,5936,5933,1,2026-03-31 04:15:00+00:00,2026-03-31 17:30:00+00:00,1.14773,1.15405,1.1445699999999999,1.15405,0.006320000000000103,TP,54,0.006330000000000169,0.0020199999999999108,SWEEP_EXTREME,FIXED_RR,CONFIRMED,SELL_SIDE,M15,1.14468,1.2761250093275371,NEUTRAL,STRONG_DISPLACEMENT,4.324645864942992,CHOCH,False,STRONG_DOWNTREND,NORMAL_VOLATILITY,4
H3,5978,5975,1,2026-03-31 14:45:00+00:00,2026-03-31 19:30:00+00:00,1.14864,1.1545200000000004,1.1457,1.1545200000000004,0.005880000000000329,TP,20,0.007309999999999928,0.000400000000000178,SWEEP_EXTREME,FIXED_RR,CONFIRMED,SELL_SIDE,M15,1.14601,1.1903337316593672,NEUTRAL,STRONG_DISPLACEMENT,4.546413558420903,CHOCH,False,STRONG_DOWNTREND,HIGH_VOLATILITY,14
H3,5978,5975,1,2026-03-31 14:45:00+00:00,2026-03-31 19:30:00+00:00,1.14864,1.1545200000000004,1.1457,1.1545200000000004,0.005880000000000329,TP,20,0.007309999999999928,0.000400000000000178,SWEEP_EXTREME,FIXED_RR,CONFIRMED,SELL_SIDE,M15,1.14617,1.1903337316593672,NEUTRAL,STRONG_DISPLACEMENT,4.546413558420903,CHOCH,False,STRONG_DOWNTREND,HIGH_VOLATILITY,14
H3,5998,5995,1,2026-03-31 19:45:00+00:00,2026-04-01 15:45:00+00:00,1.15468,1.162,1.15102,1.162,0.007319999999999993,TP,81,0.007670000000000066,0.0013699999999998713,SWEEP_EXTREME,FIXED_RR,CONFIRMED,SELL_SIDE,M15,1.1511,1.1450959855255178,NEUTRAL,STRONG_DISPLACEMENT,2.5006875566254587,BOS,False,STRONG_UPTREND,HIGH_VOLATILITY,19
H3,6130,6127,-1,2026-04-02 04:45:00+00:00,2026-04-03 04:30:00+00:00,1.15529,1.15348,1.1598300000000001,1.1462099999999995,0.0018099999999998673,TIME,96,0.005099999999999882,0.001100000000000101,SWEEP_EXTREME,FIXED_RR,CONFIRMED,BUY_SIDE,M15,1.15958,0.9282037470146814,NEUTRAL,STRONG_DISPLACEMENT,7.189359931422404,BOS,True,RANGE,HIGH_VOLATILITY,4
H3,6244,6241,1,2026-04-03 09:15:00+00:00,2026-04-03 15:30:00+00:00,1.15383,1.1528299999999998,1.1528299999999998,1.1558300000000001,-0.001000000000000112,SL,26,0.0010700000000001264,0.0020299999999999763,SWEEP_EXTREME,FIXED_RR,CONFIRMED,SELL_SIDE,M15,1.15313,1.1384469856126411,NEUTRAL,STRONG_DISPLACEMENT,2.247703022875409,CHOCH,False,STRONG_DOWNTREND,LOW_VOLATILITY,9
H3,6303,6300,-1,2026-04-06 00:00:00+00:00,2026-04-06 09:45:00+00:00,1.15195,1.15317,1.15317,1.14951,-0.0012199999999999989,SL,40,0.0014499999999999513,0.0018099999999998673,SWEEP_EXTREME,FIXED_RR,CONFIRMED,BUY_SIDE,M15,1.15278,3.828951779809526,BEARISH,MODERATE_DISPLACEMENT,1.9901896256639715,BOS,True,STRONG_DOWNTREND,NORMAL_VOLATILITY,0
H3,6303,6300,-1,2026-04-06 00:00:00+00:00,2026-04-06 09:45:00+00:00,1.15195,1.15317,1.15317,1.14951,-0.0012199999999999989,SL,40,0.0014499999999999513,0.0018099999999998673,SWEEP_EXTREME,FIXED_RR,CONFIRMED,BUY_SIDE,M15,1.15218,3.828951779809526,BEARISH,MODERATE_DISPLACEMENT,1.9901896256639715,BOS,True,STRONG_DOWNTREND,NORMAL_VOLATILITY,0
H3,6320,6317,-1,2026-04-06 04:15:00+00:00,2026-04-06 05:00:00+00:00,1.15083,1.15188,1.15188,1.14873,-0.0010499999999999954,SL,4,0.000320000000000098,0.0014700000000000824,SWEEP_EXTREME,FIXED_RR,CONFIRMED,BUY_SIDE,M15,1.15168,0.8314108301452078,NEUTRAL,MODERATE_DISPLACEMENT,1.2282205445327792,BOS,True,STRONG_DOWNTREND,NORMAL_VOLATILITY,4
H3,6377,6374,-1,2026-04-06 18:30:00+00:00,2026-04-07 11:45:00+00:00,1.154,1.1571900000000002,1.1571900000000002,1.1476199999999994,-0.003190000000000248,SL,70,0.0015799999999999148,0.003550000000000164,SWEEP_EXTREME,FIXED_RR,CONFIRMED,BUY_SIDE,M15,1.15687,2.3813412713145277,NEUTRAL,STRONG_DISPLACEMENT,2.8758274369427426,CHOCH,True,STRONG_UPTREND,HIGH_VOLATILITY,18
H3,6485,6481,1,2026-04-07 21:30:00+00:00,2026-04-08 01:00:00+00:00,1.1582,1.1614399999999998,1.15658,1.1614399999999998,0.0032399999999999096,TP,15,0.0037400000000000766,0.0010599999999998388,SWEEP_EXTREME,FIXED_RR,CONFIRMED,SELL_SIDE,M15,1.15666,0.4623123997727415,NEUTRAL,MODERATE_DISPLACEMENT,1.4462080198023142,BOS,False,STRONG_UPTREND,NORMAL_VOLATILITY,21
H3,6612,6609,1,2026-04-09 05:15:00+00:00,2026-04-09 14:30:00+00:00,1.16605,1.1682900000000005,1.1649299999999998,1.1682900000000005,0.002240000000000464,TP,38,0.00279000000000007,0.0006500000000000394,SWEEP_EXTREME,FIXED_RR,CONFIRMED,SELL_SIDE,M15,1.16518,0.9271691494126975,BEARISH,MODERATE_DISPLACEMENT,1.4620744279198858,CHOCH,True,STRONG_UPTREND,NORMAL_VOLATILITY,5
H3,6628,6622,-1,2026-04-09 09:15:00+00:00,2026-04-09 11:45:00+00:00,1.16594,1.1671500000000001,1.1671500000000001,1.1635199999999997,-0.0012100000000001554,SL,11,0.0005399999999999849,0.0015400000000000968,SWEEP_EXTREME,FIXED_RR,CONFIRMED,BUY_SIDE,M15,1.16703,0.7280395235797423,BULLISH,MODERATE_DISPLACEMENT,1.2199581205932708,CHOCH,False,STRONG_UPTREND,LOW_VOLATILITY,9
H3,6650,6647,1,2026-04-09 14:45:00+00:00,2026-04-10 14:30:00+00:00,1.16881,1.17165,1.16699,1.1724499999999998,0.0028400000000001757,TIME,96,0.003530000000000033,0.0015299999999998093,SWEEP_EXTREME,FIXED_RR,CONFIRMED,SELL_SIDE,M15,1.16719,1.1360698184271094,BULLISH,STRONG_DISPLACEMENT,3.065585224327229,CHOCH,True,STRONG_UPTREND,NORMAL_VOLATILITY,14
H3,6695,6692,-1,2026-04-10 02:00:00+00:00,2026-04-10 12:15:00+00:00,1.16939,1.17029,1.17029,1.1675899999999997,-0.0009000000000001229,SL,42,0.0017399999999998528,0.0016599999999999948,SWEEP_EXTREME,FIXED_RR,CONFIRMED,BUY_SIDE,M15,1.17014,0.378506286336267,BEARISH,MODERATE_DISPLACEMENT,1.2387478461917665,BOS,False,STRONG_UPTREND,NORMAL_VOLATILITY,2
H3,6796,6793,1,2026-04-13 03:15:00+00:00,2026-04-13 16:45:00+00:00,1.16784,1.17084,1.16634,1.17084,0.0030000000000001137,TP,55,0.0033799999999999386,0.000180000000000069,SWEEP_EXTREME,FIXED_RR,CONFIRMED,SELL_SIDE,M15,1.16655,0.7986830040347966,NEUTRAL,MODERATE_DISPLACEMENT,1.2278261106805566,CHOCH,False,RANGE,NORMAL_VOLATILITY,3
H3,6825,6822,1,2026-04-13 10:30:00+00:00,2026-04-13 20:15:00+00:00,1.16964,1.17358,1.16767,1.17358,0.003940000000000055,TP,40,0.004129999999999967,0.0016300000000000203,SWEEP_EXTREME,FIXED_RR,CONFIRMED,SELL_SIDE,M15,1.16804,2.506381276912975,NEUTRAL,STRONG_DISPLACEMENT,3.2790251291949755,CHOCH,True,RANGE,NORMAL_VOLATILITY,10
H3,6825,6822,1,2026-04-13 10:30:00+00:00,2026-04-13 20:15:00+00:00,1.16964,1.17358,1.16767,1.17358,0.003940000000000055,TP,40,0.004129999999999967,0.0016300000000000203,SWEEP_EXTREME,FIXED_RR,CONFIRMED,SELL_SIDE,M15,1.16822,2.506381276912975,NEUTRAL,STRONG_DISPLACEMENT,3.2790251291949755,CHOCH,True,RANGE,NORMAL_VOLATILITY,10
H3,6840,6837,1,2026-04-13 14:15:00+00:00,2026-04-13 14:45:00+00:00,1.16978,1.16814,1.16814,1.1730600000000002,-0.0016400000000000858,SL,3,0.0001100000000000545,0.0017500000000001403,SWEEP_EXTREME,FIXED_RR,CONFIRMED,SELL_SIDE,M15,1.16826,0.7327242925816912,NEUTRAL,STRONG_DISPLACEMENT,2.2339155261635284,BOS,True,RANGE,NORMAL_VOLATILITY,14
H3,6920,6917,1,2026-04-14 10:15:00+00:00,2026-04-15 10:00:00+00:00,1.17856,1.1786,1.1757399999999998,1.1842000000000006,4.0000000000040004e-05,TIME,96,0.0025399999999999867,0.0010700000000001264,SWEEP_EXTREME,FIXED_RR,CONFIRMED,SELL_SIDE,M15,1.17594,1.1887583193880715,BULLISH,STRONG_DISPLACEMENT,4.634142601003573,CHOCH,True,STRONG_UPTREND,NORMAL_VOLATILITY,10
H3,6989,6986,-1,2026-04-15 03:30:00+00:00,2026-04-15 05:30:00+00:00,1.17943,1.1778699999999995,1.1802100000000002,1.1778699999999995,0.00156000000000045,TP,9,0.0016099999999998893,0.0002500000000000835,SWEEP_EXTREME,FIXED_RR,CONFIRMED,BUY_SIDE,M15,1.17994,1.3718301434150622,BULLISH,MODERATE_DISPLACEMENT,1.3468877771709908,CHOCH,False,STRONG_UPTREND,LOW_VOLATILITY,3
H3,7091,7088,-1,2026-04-16 05:00:00+00:00,2026-04-16 05:30:00+00:00,1.18024,1.1809800000000001,1.1809800000000001,1.1787599999999996,-0.000740000000000185,SL,3,0.00012999999999996348,0.0015000000000000568,SWEEP_EXTREME,FIXED_RR,CONFIRMED,BUY_SIDE,M15,1.18084,0.8980782701951945,BULLISH,MODERATE_DISPLACEMENT,1.2059908199760785,CHOCH,False,STRONG_UPTREND,LOW_VOLATILITY,5
H3,7304,7301,1,2026-04-20 10:15:00+00:00,2026-04-21 10:00:00+00:00,1.17669,1.17734,1.1745999999999999,1.1808700000000003,0.0006500000000000394,TIME,96,0.002389999999999892,0.0013799999999999368,SWEEP_EXTREME,FIXED_RR,CONFIRMED,SELL_SIDE,M15,1.1747,0.8781732809148189,BEARISH,STRONG_DISPLACEMENT,3.1390023658232002,CHOCH,True,STRONG_DOWNTREND,NORMAL_VOLATILITY,10
H3,7330,7324,1,2026-04-20 16:45:00+00:00,2026-04-21 15:30:00+00:00,1.17811,1.17539,1.17539,1.18355,-0.0027200000000000557,SL,92,0.0009699999999999154,0.0027200000000000557,SWEEP_EXTREME,FIXED_RR,CONFIRMED,SELL_SIDE,M15,1.17549,1.9771824349143512,BULLISH,MODERATE_DISPLACEMENT,1.2555830061138253,BOS,True,RANGE,NORMAL_VOLATILITY,16
H3,7338,7335,1,2026-04-20 18:45:00+00:00,2026-04-21 11:00:00+00:00,1.17855,1.1761599999999999,1.1761599999999999,1.1833300000000002,-0.0023900000000001143,SL,66,0.0005299999999999194,0.002929999999999877,SWEEP_EXTREME,FIXED_RR,CONFIRMED,SELL_SIDE,M15,1.1766,1.969861017058198,BULLISH,MODERATE_DISPLACEMENT,1.6725235050493876,BOS,True,RANGE,HIGH_VOLATILITY,18
H3,7442,7439,1,2026-04-21 20:45:00+00:00,2026-04-21 21:00:00+00:00,1.17586,1.1738899999999999,1.1738899999999999,1.1798,-0.0019700000000000273,SL,2,6.000000000017103e-05,0.0021399999999998087,SWEEP_EXTREME,FIXED_RR,CONFIRMED,SELL_SIDE,M15,1.17408,0.7034761435030362,BEARISH,STRONG_DISPLACEMENT,2.269706047906206,CHOCH,True,STRONG_DOWNTREND,HIGH_VOLATILITY,20
H3,7443,7440,1,2026-04-21 21:00:00+00:00,2026-04-21 22:30:00+00:00,1.17427,1.17217,1.17217,1.17847,-0.0020999999999999908,SL,7,0.0009600000000000719,0.0024100000000000232,SWEEP_EXTREME,FIXED_RR,CONFIRMED,SELL_SIDE,H4,1.17289,2.3740442679097566,BEARISH,STRONG_DISPLACEMENT,2.0891589557605648,CHOCH,True,STRONG_DOWNTREND,HIGH_VOLATILITY,21
H3,7443,7440,1,2026-04-21 21:00:00+00:00,2026-04-21 22:30:00+00:00,1.17427,1.17217,1.17217,1.17847,-0.0020999999999999908,SL,7,0.0009600000000000719,0.0024100000000000232,SWEEP_EXTREME,FIXED_RR,CONFIRMED,SELL_SIDE,M15,1.17357,2.3740442679097566,BEARISH,STRONG_DISPLACEMENT,2.0891589557605648,CHOCH,True,STRONG_DOWNTREND,HIGH_VOLATILITY,21
H3,7567,7564,1,2026-04-23 04:00:00+00:00,2026-04-23 05:45:00+00:00,1.17115,1.1696199999999999,1.1696199999999999,1.17421,-0.0015300000000000313,SL,8,0.000140000000000029,0.0015600000000000058,SWEEP_EXTREME,FIXED_RR,CONFIRMED,SELL_SIDE,M15,1.17014,2.767462774438385,BULLISH,STRONG_DISPLACEMENT,3.5037602098391494,CHOCH,True,STRONG_DOWNTREND,LOW_VOLATILITY,4
H3,7567,7564,1,2026-04-23 04:00:00+00:00,2026-04-23 05:45:00+00:00,1.17115,1.1696199999999999,1.1696199999999999,1.17421,-0.0015300000000000313,SL,8,0.000140000000000029,0.0015600000000000058,SWEEP_EXTREME,FIXED_RR,CONFIRMED,SELL_SIDE,M15,1.1702,2.767462774438385,BULLISH,STRONG_DISPLACEMENT,3.5037602098391494,CHOCH,True,STRONG_DOWNTREND,LOW_VOLATILITY,4
H3,7567,7564,1,2026-04-23 04:00:00+00:00,2026-04-23 05:45:00+00:00,1.17115,1.1696199999999999,1.1696199999999999,1.17421,-0.0015300000000000313,SL,8,0.000140000000000029,0.0015600000000000058,SWEEP_EXTREME,FIXED_RR,CONFIRMED,SELL_SIDE,M15,1.17028,2.767462774438385,BULLISH,STRONG_DISPLACEMENT,3.5037602098391494,CHOCH,True,STRONG_DOWNTREND,LOW_VOLATILITY,4
H3,7567,7564,1,2026-04-23 04:00:00+00:00,2026-04-23 05:45:00+00:00,1.17115,1.1696199999999999,1.1696199999999999,1.17421,-0.0015300000000000313,SL,8,0.000140000000000029,0.0015600000000000058,SWEEP_EXTREME,FIXED_RR,CONFIRMED,SELL_SIDE,M15,1.17043,2.767462774438385,BULLISH,STRONG_DISPLACEMENT,3.5037602098391494,CHOCH,True,STRONG_DOWNTREND,LOW_VOLATILITY,4
H3,7670,7667,-1,2026-04-24 05:45:00+00:00,2026-04-24 10:45:00+00:00,1.16804,1.1689100000000001,1.1689100000000001,1.1662999999999997,-0.0008700000000001484,SL,21,0.0008799999999999919,0.0013300000000000534,SWEEP_EXTREME,FIXED_RR,CONFIRMED,BUY_SIDE,M15,1.16885,1.0258070942893855,NEUTRAL,MODERATE_DISPLACEMENT,1.6292230321065921,CHOCH,False,STRONG_DOWNTREND,LOW_VOLATILITY,5
H3,7783,7780,1,2026-04-27 10:00:00+00:00,2026-04-27 15:15:00+00:00,1.17292,1.17536,1.1717,1.17536,0.0024399999999999977,TP,22,0.002569999999999961,4.999999999988347e-05,SWEEP_EXTREME,FIXED_RR,CONFIRMED,SELL_SIDE,M15,1.17193,1.2268738277448836,NEUTRAL,STRONG_DISPLACEMENT,2.271988569897746,CHOCH,True,STRONG_UPTREND,LOW_VOLATILITY,10
H3,7805,7802,1,2026-04-27 15:30:00+00:00,2026-04-27 16:45:00+00:00,1.17492,1.1737399999999998,1.1737399999999998,1.1772800000000003,-0.001180000000000181,SL,6,0.00046999999999997044,0.0014300000000000423,SWEEP_EXTREME,FIXED_RR,CONFIRMED,SELL_SIDE,M15,1.17383,1.1082388694689194,NEUTRAL,MODERATE_DISPLACEMENT,1.5656072917892025,BOS,True,STRONG_UPTREND,NORMAL_VOLATILITY,15
H3,8157,8153,-1,2026-05-01 07:30:00+00:00,2026-05-01 09:45:00+00:00,1.17264,1.17368,1.17368,1.1705599999999996,-0.001040000000000152,SL,10,0.0008499999999997954,0.0018500000000001293,SWEEP_EXTREME,FIXED_RR,CONFIRMED,BUY_SIDE,M15,1.17359,0.8474110979877513,BULLISH,MODERATE_DISPLACEMENT,1.5253399763783824,CHOCH,False,STRONG_UPTREND,LOW_VOLATILITY,7
H3,8671,8668,1,2026-05-08 16:00:00+00:00,2026-05-11 00:00:00+00:00,1.17738,1.1758,1.1758,1.1805400000000004,-0.0015800000000001369,SL,33,0.0013900000000000023,0.003450000000000175,SWEEP_EXTREME,FIXED_RR,CONFIRMED,SELL_SIDE,M15,1.17611,1.266734756114334,BEARISH,STRONG_DISPLACEMENT,2.717054259492448,CHOCH,True,STRONG_UPTREND,NORMAL_VOLATILITY,16
H3,8743,8739,1,2026-05-11 10:00:00+00:00,2026-05-12 09:45:00+00:00,1.17675,1.17503,1.1746999999999999,1.1808500000000002,-0.0017199999999999438,TIME,96,0.0020299999999999763,0.0018700000000000383,SWEEP_EXTREME,FIXED_RR,CONFIRMED,SELL_SIDE,M15,1.17494,0.9444861526581081,BEARISH,STRONG_DISPLACEMENT,2.8576760516313007,CHOCH,True,RANGE,LOW_VOLATILITY,10
H3,8835,8832,1,2026-05-12 09:00:00+00:00,2026-05-12 09:45:00+00:00,1.17624,1.1751299999999998,1.1751299999999998,1.1784600000000003,-0.0011100000000001664,SL,4,0.00034000000000000696,0.0013600000000000279,SWEEP_EXTREME,FIXED_RR,CONFIRMED,SELL_SIDE,M15,1.17537,1.5897144287499065,BEARISH,STRONG_DISPLACEMENT,2.0955326560794467,CHOCH,True,DOWNTREND,LOW_VOLATILITY,9
H3,8839,8835,-1,2026-05-12 10:00:00+00:00,2026-05-13 09:45:00+00:00,1.17502,1.17198,1.1768500000000002,1.1713599999999995,0.0030399999999999316,TIME,96,0.0032799999999999496,0.00031000000000003247,SWEEP_EXTREME,FIXED_RR,CONFIRMED,BUY_SIDE,M15,1.17597,2.6594794327413767,BEARISH,MODERATE_DISPLACEMENT,1.6595151660306606,CHOCH,False,DOWNTREND,NORMAL_VOLATILITY,10
H3,8839,8835,-1,2026-05-12 10:00:00+00:00,2026-05-13 09:45:00+00:00,1.17502,1.17198,1.1768500000000002,1.1713599999999995,0.0030399999999999316,TIME,96,0.0032799999999999496,0.00031000000000003247,SWEEP_EXTREME,FIXED_RR,CONFIRMED,BUY_SIDE,M15,1.17645,2.6594794327413767,BEARISH,MODERATE_DISPLACEMENT,1.6595151660306606,CHOCH,False,DOWNTREND,NORMAL_VOLATILITY,10
H3,8867,8863,-1,2026-05-12 17:00:00+00:00,2026-05-13 16:45:00+00:00,1.17303,1.17101,1.17503,1.16903,0.0020199999999999108,TIME,96,0.003549999999999942,0.0016499999999999293,SWEEP_EXTREME,FIXED_RR,CONFIRMED,BUY_SIDE,M15,1.1749,1.0466756002157005,BEARISH,MODERATE_DISPLACEMENT,1.7393285709467592,BOS,False,STRONG_DOWNTREND,NORMAL_VOLATILITY,17
H3,8867,8863,-1,2026-05-12 17:00:00+00:00,2026-05-13 16:45:00+00:00,1.17303,1.17101,1.17503,1.16903,0.0020199999999999108,TIME,96,0.003549999999999942,0.0016499999999999293,SWEEP_EXTREME,FIXED_RR,CONFIRMED,BUY_SIDE,M15,1.17482,1.0466756002157005,BEARISH,MODERATE_DISPLACEMENT,1.7393285709467592,BOS,False,STRONG_DOWNTREND,NORMAL_VOLATILITY,17
H3,8876,8873,1,2026-05-12 19:15:00+00:00,2026-05-13 09:45:00+00:00,1.1737,1.1720499999999998,1.1720499999999998,1.1770000000000003,-0.0016500000000001513,SL,59,0.0009799999999999809,0.0019599999999999618,SWEEP_EXTREME,FIXED_RR,CONFIRMED,SELL_SIDE,H4,1.17226,1.0672077699155493,NEUTRAL,MODERATE_DISPLACEMENT,1.7342126261122863,CHOCH,True,STRONG_DOWNTREND,NORMAL_VOLATILITY,19
H3,8876,8873,1,2026-05-12 19:15:00+00:00,2026-05-13 09:45:00+00:00,1.1737,1.1720499999999998,1.1720499999999998,1.1770000000000003,-0.0016500000000001513,SL,59,0.0009799999999999809,0.0019599999999999618,SWEEP_EXTREME,FIXED_RR,CONFIRMED,SELL_SIDE,M15,1.1723,1.0672077699155493,NEUTRAL,MODERATE_DISPLACEMENT,1.7342126261122863,CHOCH,True,STRONG_DOWNTREND,NORMAL_VOLATILITY,19
H3,8876,8873,1,2026-05-12 19:15:00+00:00,2026-05-13 09:45:00+00:00,1.1737,1.1720499999999998,1.1720499999999998,1.1770000000000003,-0.0016500000000001513,SL,59,0.0009799999999999809,0.0019599999999999618,SWEEP_EXTREME,FIXED_RR,CONFIRMED,SELL_SIDE,M15,1.17238,1.0672077699155493,NEUTRAL,MODERATE_DISPLACEMENT,1.7342126261122863,CHOCH,True,STRONG_DOWNTREND,NORMAL_VOLATILITY,19
H3,8876,8873,1,2026-05-12 19:15:00+00:00,2026-05-13 09:45:00+00:00,1.1737,1.1720499999999998,1.1720499999999998,1.1770000000000003,-0.0016500000000001513,SL,59,0.0009799999999999809,0.0019599999999999618,SWEEP_EXTREME,FIXED_RR,CONFIRMED,SELL_SIDE,M15,1.17261,1.0672077699155493,NEUTRAL,MODERATE_DISPLACEMENT,1.7342126261122863,CHOCH,True,STRONG_DOWNTREND,NORMAL_VOLATILITY,19
H3,9031,9027,1,2026-05-14 10:00:00+00:00,2026-05-14 10:15:00+00:00,1.17182,1.17095,1.17095,1.1735600000000004,-0.0008700000000001484,SL,2,1.999999999990898e-05,0.0009700000000001374,SWEEP_EXTREME,FIXED_RR,CONFIRMED,SELL_SIDE,M15,1.17109,1.8072412737073569,BULLISH,MODERATE_DISPLACEMENT,1.3855516431761752,CHOCH,True,STRONG_DOWNTREND,LOW_VOLATILITY,10
H3,9031,9028,1,2026-05-14 10:00:00+00:00,2026-05-14 10:45:00+00:00,1.17182,1.1705999999999999,1.1705999999999999,1.1742600000000005,-0.001220000000000221,SL,4,1.999999999990898e-05,0.0012900000000000134,SWEEP_EXTREME,FIXED_RR,CONFIRMED,SELL_SIDE,M15,1.1709,1.6332476877258246,BULLISH,STRONG_DISPLACEMENT,3.03726762980631,CHOCH,True,STRONG_DOWNTREND,LOW_VOLATILITY,10
H3,9242,9239,1,2026-05-18 14:45:00+00:00,2026-05-19 11:00:00+00:00,1.16488,1.1625299999999998,1.1625299999999998,1.16958,-0.0023500000000000743,SL,82,0.0012600000000000389,0.0023799999999998267,SWEEP_EXTREME,FIXED_RR,CONFIRMED,SELL_SIDE,M15,1.16284,1.578986854053703,BULLISH,STRONG_DISPLACEMENT,4.068213188679298,CHOCH,False,RANGE,NORMAL_VOLATILITY,14
H3,9276,9271,1,2026-05-18 23:15:00+00:00,2026-05-19 11:00:00+00:00,1.16571,1.16268,1.16268,1.1717700000000002,-0.003030000000000088,SL,48,0.00042999999999993044,0.003209999999999935,SWEEP_EXTREME,FIXED_RR,CONFIRMED,SELL_SIDE,M15,1.16324,1.4305879709395695,BULLISH,STRONG_DISPLACEMENT,3.1357332292310383,CHOCH,False,RANGE,NORMAL_VOLATILITY,23
H3,9321,9317,-1,2026-05-19 10:30:00+00:00,2026-05-19 16:30:00+00:00,1.16316,1.1602399999999995,1.1646200000000002,1.1602399999999995,0.0029200000000004778,TP,25,0.0030799999999999716,0.0005900000000000905,SWEEP_EXTREME,FIXED_RR,CONFIRMED,BUY_SIDE,M15,1.16456,1.3528511267859602,BEARISH,MODERATE_DISPLACEMENT,1.6861622739650783,BOS,True,DOWNTREND,NORMAL_VOLATILITY,10
H3,9447,9444,1,2026-05-20 18:00:00+00:00,2026-05-21 16:30:00+00:00,1.16175,1.1580899999999998,1.1580899999999998,1.1690700000000005,-0.0036600000000002186,SL,91,0.002769999999999939,0.0041200000000001236,SWEEP_EXTREME,FIXED_RR,CONFIRMED,SELL_SIDE,M15,1.1583,1.6249332772334708,BULLISH,STRONG_DISPLACEMENT,4.79189507265808,CHOCH,False,RANGE,HIGH_VOLATILITY,18
H3,9447,9444,1,2026-05-20 18:00:00+00:00,2026-05-21 16:30:00+00:00,1.16175,1.1580899999999998,1.1580899999999998,1.1690700000000005,-0.0036600000000002186,SL,91,0.002769999999999939,0.0041200000000001236,SWEEP_EXTREME,FIXED_RR,CONFIRMED,SELL_SIDE,M15,1.15868,1.6249332772334708,BULLISH,STRONG_DISPLACEMENT,4.79189507265808,CHOCH,False,RANGE,HIGH_VOLATILITY,18
H3,9517,9513,1,2026-05-21 11:30:00+00:00,2026-05-21 16:15:00+00:00,1.16338,1.15923,1.15923,1.1716800000000003,-0.004150000000000098,SL,20,0.0,0.004650000000000043,SWEEP_EXTREME,FIXED_RR,CONFIRMED,SELL_SIDE,M15,1.16152,3.9306333788705095,NEUTRAL,STRONG_DISPLACEMENT,4.496644585428092,CHOCH,False,RANGE,NORMAL_VOLATILITY,11
H3,9636,9632,-1,2026-05-22 17:15:00+00:00,2026-05-22 20:30:00+00:00,1.15898,1.16188,1.16188,1.1531799999999996,-0.0029000000000001247,SL,14,0.00017000000000000348,0.002930000000000099,SWEEP_EXTREME,FIXED_RR,CONFIRMED,BUY_SIDE,M15,1.16169,2.305416998890732,BEARISH,MODERATE_DISPLACEMENT,1.4627473372273228,CHOCH,True,DOWNTREND,NORMAL_VOLATILITY,17
H3,9636,9632,-1,2026-05-22 17:15:00+00:00,2026-05-22 20:30:00+00:00,1.15898,1.16188,1.16188,1.1531799999999996,-0.0029000000000001247,SL,14,0.00017000000000000348,0.002930000000000099,SWEEP_EXTREME,FIXED_RR,CONFIRMED,BUY_SIDE,M15,1.16157,2.305416998890732,BEARISH,MODERATE_DISPLACEMENT,1.4627473372273228,CHOCH,True,DOWNTREND,NORMAL_VOLATILITY,17
H3,9636,9632,-1,2026-05-22 17:15:00+00:00,2026-05-22 20:30:00+00:00,1.15898,1.16188,1.16188,1.1531799999999996,-0.0029000000000001247,SL,14,0.00017000000000000348,0.002930000000000099,SWEEP_EXTREME,FIXED_RR,CONFIRMED,BUY_SIDE,M15,1.16078,2.305416998890732,BEARISH,MODERATE_DISPLACEMENT,1.4627473372273228,CHOCH,True,DOWNTREND,NORMAL_VOLATILITY,17
H3,9636,9632,-1,2026-05-22 17:15:00+00:00,2026-05-22 20:30:00+00:00,1.15898,1.16188,1.16188,1.1531799999999996,-0.0029000000000001247,SL,14,0.00017000000000000348,0.002930000000000099,SWEEP_EXTREME,FIXED_RR,CONFIRMED,BUY_SIDE,M15,1.1607,2.305416998890732,BEARISH,MODERATE_DISPLACEMENT,1.4627473372273228,CHOCH,True,DOWNTREND,NORMAL_VOLATILITY,17
H3,9730,9727,-1,2026-05-25 16:45:00+00:00,2026-05-26 16:30:00+00:00,1.16417,1.1628,1.1653200000000001,1.1618699999999995,0.0013699999999998713,TIME,96,0.0017699999999998273,0.0006800000000000139,SWEEP_EXTREME,FIXED_RR,CONFIRMED,BUY_SIDE,M15,1.16506,1.28244193407514,BULLISH,MODERATE_DISPLACEMENT,1.548609127939964,CHOCH,True,STRONG_UPTREND,LOW_VOLATILITY,16
H3,9804,9800,1,2026-05-26 11:15:00+00:00,2026-05-26 16:45:00+00:00,1.16386,1.16235,1.16235,1.1668799999999997,-0.0015099999999999003,SL,23,0.0006500000000000394,0.0021399999999998087,SWEEP_EXTREME,FIXED_RR,CONFIRMED,SELL_SIDE,M15,1.16271,3.321686873195939,BEARISH,MODERATE_DISPLACEMENT,1.8633853191097705,BOS,False,RANGE,LOW_VOLATILITY,11
H3,10067,10064,-1,2026-05-29 05:00:00+00:00,2026-05-29 17:45:00+00:00,1.16445,1.1656300000000002,1.1656300000000002,1.1620899999999996,-0.001180000000000181,SL,52,0.0019599999999999618,0.002990000000000048,SWEEP_EXTREME,FIXED_RR,CONFIRMED,BUY_SIDE,M15,1.16556,2.371971347212787,NEUTRAL,STRONG_DISPLACEMENT,3.142862035056597,BOS,True,STRONG_UPTREND,LOW_VOLATILITY,5
H3,10121,10118,1,2026-05-29 18:30:00+00:00,2026-06-01 16:00:00+00:00,1.16751,1.1639799999999998,1.1639799999999998,1.1745700000000006,-0.003530000000000255,SL,87,0.0010699999999999044,0.004730000000000123,SWEEP_EXTREME,FIXED_RR,CONFIRMED,SELL_SIDE,M15,1.16414,1.4402422562493078,BULLISH,STRONG_DISPLACEMENT,5.077777185494391,BOS,False,UPTREND,NORMAL_VOLATILITY,18
H3,10176,10170,1,2026-06-01 08:15:00+00:00,2026-06-01 16:00:00+00:00,1.16516,1.1641,1.1641,1.16728,-0.001060000000000061,SL,32,0.0013099999999999223,0.0023800000000000487,SWEEP_EXTREME,FIXED_RR,CONFIRMED,SELL_SIDE,M15,1.16419,1.8786934112671936,NEUTRAL,MODERATE_DISPLACEMENT,1.4553258819677015,CHOCH,False,RANGE,LOW_VOLATILITY,8
H3,10439,10436,1,2026-06-04 02:00:00+00:00,2026-06-04 13:00:00+00:00,1.16058,1.16288,1.15943,1.16288,0.0022999999999999687,TP,45,0.0024699999999999722,0.0007399999999999629,SWEEP_EXTREME,FIXED_RR,CONFIRMED,SELL_SIDE,M15,1.15951,1.1370081120071676,BULLISH,STRONG_DISPLACEMENT,2.734233793160852,CHOCH,False,STRONG_DOWNTREND,LOW_VOLATILITY,2
H3,10440,10437,1,2026-06-04 02:15:00+00:00,2026-06-04 12:30:00+00:00,1.16048,1.16264,1.1594,1.16264,0.0021599999999999397,TP,42,0.0022400000000000198,0.0006399999999999739,SWEEP_EXTREME,FIXED_RR,CONFIRMED,SELL_SIDE,M15,1.15947,0.7452568898325461,BULLISH,STRONG_DISPLACEMENT,2.2357706694976383,CHOCH,False,STRONG_DOWNTREND,LOW_VOLATILITY,2
H3,10458,10455,-1,2026-06-04 06:45:00+00:00,2026-06-04 07:30:00+00:00,1.16032,1.1611600000000002,1.1611600000000002,1.1586399999999997,-0.0008400000000001739,SL,4,5.0000000000105516e-05,0.0009699999999999154,SWEEP_EXTREME,FIXED_RR,CONFIRMED,BUY_SIDE,M15,1.16103,0.5049896833085312,NEUTRAL,MODERATE_DISPLACEMENT,1.879683821203112,CHOCH,True,STRONG_DOWNTREND,LOW_VOLATILITY,6
H3,10473,10470,-1,2026-06-04 10:30:00+00:00,2026-06-04 12:00:00+00:00,1.16062,1.16154,1.16154,1.15878,-0.0009200000000000319,SL,7,0.0007800000000000029,0.0013700000000000934,SWEEP_EXTREME,FIXED_RR,CONFIRMED,BUY_SIDE,M15,1.16129,1.6093984446621137,BULLISH,MODERATE_DISPLACEMENT,1.7371284799530458,CHOCH,True,STRONG_DOWNTREND,LOW_VOLATILITY,10
H3,10480,10474,1,2026-06-04 12:15:00+00:00,2026-06-05 12:00:00+00:00,1.16188,1.1642,1.1597899999999999,1.1660600000000003,0.0023199999999998777,TIME,96,0.002650000000000041,0.0010900000000000354,SWEEP_EXTREME,FIXED_RR,CONFIRMED,SELL_SIDE,M15,1.16025,1.9094409311447764,BULLISH,MODERATE_DISPLACEMENT,1.9533361249644878,CHOCH,False,RANGE,NORMAL_VOLATILITY,12
H3,10567,10564,1,2026-06-05 10:00:00+00:00,2026-06-05 12:00:00+00:00,1.16221,1.16417,1.16123,1.16417,0.0019599999999999618,TP,9,0.0021800000000000708,4.0000000000040004e-05,SWEEP_EXTREME,FIXED_RR,CONFIRMED,SELL_SIDE,M15,1.16136,1.3519701329751457,BULLISH,STRONG_DISPLACEMENT,3.2272835432328044,BOS,False,RANGE,LOW_VOLATILITY,10
H3,10659,10656,-1,2026-06-08 09:00:00+00:00,2026-06-08 14:15:00+00:00,1.15192,1.1536000000000002,1.1536000000000002,1.1485599999999998,-0.0016800000000001258,SL,22,0.0020100000000000673,0.0022899999999999032,SWEEP_EXTREME,FIXED_RR,CONFIRMED,BUY_SIDE,M15,1.15347,1.004361505693282,NEUTRAL,STRONG_DISPLACEMENT,2.4813637199481344,CHOCH,True,STRONG_DOWNTREND,NORMAL_VOLATILITY,9
H3,10680,10674,1,2026-06-08 14:15:00+00:00,2026-06-09 14:00:00+00:00,1.15345,1.15684,1.1498599999999999,1.1606300000000005,0.003390000000000004,TIME,96,0.0034999999999998366,0.0008799999999999919,SWEEP_EXTREME,FIXED_RR,CONFIRMED,SELL_SIDE,M15,1.15006,1.473577791646577,BEARISH,MODERATE_DISPLACEMENT,1.5504601112106822,CHOCH,False,STRONG_DOWNTREND,HIGH_VOLATILITY,14
H3,10768,10764,1,2026-06-09 12:15:00+00:00,2026-06-09 19:30:00+00:00,1.1556,1.1535199999999999,1.1535199999999999,1.1597600000000001,-0.002080000000000082,SL,30,0.0021900000000001363,0.002829999999999888,SWEEP_EXTREME,FIXED_RR,CONFIRMED,SELL_SIDE,M15,1.1537,1.3782516765116106,NEUTRAL,STRONG_DISPLACEMENT,2.217187479605268,BOS,False,RANGE,NORMAL_VOLATILITY,12
H3,10787,10784,-1,2026-06-09 17:00:00+00:00,2026-06-09 19:15:00+00:00,1.15663,1.1542099999999997,1.1578400000000002,1.1542099999999997,0.002420000000000311,TP,10,0.0026300000000001322,0.0006999999999999229,SWEEP_EXTREME,FIXED_RR,CONFIRMED,BUY_SIDE,M15,1.15749,1.0454683468604737,BULLISH,STRONG_DISPLACEMENT,2.0134945939525974,CHOCH,True,STRONG_UPTREND,NORMAL_VOLATILITY,17
H3,10924,10920,1,2026-06-11 03:15:00+00:00,2026-06-11 13:00:00+00:00,1.15392,1.15248,1.15248,1.1568000000000003,-0.0014400000000001079,SL,40,0.0016799999999999038,0.0014700000000000824,SWEEP_EXTREME,FIXED_RR,CONFIRMED,SELL_SIDE,H4,1.15257,0.9024880617404804,BEARISH,MODERATE_DISPLACEMENT,1.5287042678462868,CHOCH,False,STRONG_DOWNTREND,NORMAL_VOLATILITY,3
H3,10924,10920,1,2026-06-11 03:15:00+00:00,2026-06-11 13:00:00+00:00,1.15392,1.15248,1.15248,1.1568000000000003,-0.0014400000000001079,SL,40,0.0016799999999999038,0.0014700000000000824,SWEEP_EXTREME,FIXED_RR,CONFIRMED,SELL_SIDE,M15,1.15266,0.9024880617404804,BEARISH,MODERATE_DISPLACEMENT,1.5287042678462868,CHOCH,False,STRONG_DOWNTREND,NORMAL_VOLATILITY,3
H3,10924,10920,1,2026-06-11 03:15:00+00:00,2026-06-11 13:00:00+00:00,1.15392,1.15248,1.15248,1.1568000000000003,-0.0014400000000001079,SL,40,0.0016799999999999038,0.0014700000000000824,SWEEP_EXTREME,FIXED_RR,CONFIRMED,SELL_SIDE,M15,1.15275,0.9024880617404804,BEARISH,MODERATE_DISPLACEMENT,1.5287042678462868,CHOCH,False,STRONG_DOWNTREND,NORMAL_VOLATILITY,3
H3,10957,10953,-1,2026-06-11 11:30:00+00:00,2026-06-11 20:00:00+00:00,1.15384,1.1503199999999996,1.1556000000000002,1.1503199999999996,0.0035200000000004117,TP,35,0.0036000000000000476,0.0005100000000000104,SWEEP_EXTREME,FIXED_RR,CONFIRMED,BUY_SIDE,M15,1.15513,1.9736985014641186,NEUTRAL,STRONG_DISPLACEMENT,2.3254467492494424,CHOCH,True,RANGE,NORMAL_VOLATILITY,11
H3,10995,10992,1,2026-06-11 21:00:00+00:00,2026-06-12 20:45:00+00:00,1.15508,1.15746,1.1501899999999998,1.1648600000000007,0.0023799999999998267,TIME,96,0.003889999999999949,0.000980000000000203,SWEEP_EXTREME,FIXED_RR,CONFIRMED,SELL_SIDE,M15,1.15067,0.9022794400314532,BEARISH,STRONG_DISPLACEMENT,6.196536742569055,CHOCH,False,RANGE,HIGH_VOLATILITY,21
H3,11106,11103,1,2026-06-15 00:45:00+00:00,2026-06-16 00:30:00+00:00,1.15977,1.15942,1.1564899999999998,1.1663300000000003,-0.0003500000000000725,TIME,96,0.0024500000000000632,0.0016199999999999548,SWEEP_EXTREME,FIXED_RR,CONFIRMED,SELL_SIDE,M15,1.1566,0.844506844954492,BULLISH,STRONG_DISPLACEMENT,6.69271674626115,CHOCH,False,STRONG_UPTREND,NORMAL_VOLATILITY,0
H3,11238,11235,1,2026-06-16 09:45:00+00:00,2026-06-16 10:45:00+00:00,1.15815,1.1594900000000004,1.1574799999999998,1.1594900000000004,0.001340000000000341,TP,5,0.0014099999999999113,1.999999999990898e-05,SWEEP_EXTREME,FIXED_RR,CONFIRMED,SELL_SIDE,M15,1.15757,0.6914269604205224,BEARISH,MODERATE_DISPLACEMENT,1.5108959505488226,CHOCH,False,DOWNTREND,LOW_VOLATILITY,9
H3,11430,11427,1,2026-06-18 09:45:00+00:00,2026-06-18 10:15:00+00:00,1.15255,1.15098,1.15098,1.15569,-0.0015700000000000713,SL,3,4.0000000000040004e-05,0.0018299999999999983,SWEEP_EXTREME,FIXED_RR,CONFIRMED,SELL_SIDE,M15,1.1513,1.5484163695856492,BULLISH,STRONG_DISPLACEMENT,3.075908193636219,CHOCH,False,STRONG_DOWNTREND,NORMAL_VOLATILITY,9
H3,11468,11463,-1,2026-06-18 19:15:00+00:00,2026-06-19 08:00:00+00:00,1.14671,1.1425299999999996,1.1488,1.1425299999999996,0.004180000000000295,TP,52,0.004409999999999803,0.0006500000000000394,SWEEP_EXTREME,FIXED_RR,CONFIRMED,BUY_SIDE,M15,1.14841,1.7957107347019143,BULLISH,MODERATE_DISPLACEMENT,1.306937398629296,CHOCH,True,STRONG_DOWNTREND,HIGH_VOLATILITY,19
H3,11626,11623,-1,2026-06-22 10:45:00+00:00,2026-06-23 10:30:00+00:00,1.14462,1.14159,1.1464,1.1410599999999997,0.003029999999999866,TIME,96,0.0034199999999999786,0.0017499999999999183,SWEEP_EXTREME,FIXED_RR,CONFIRMED,BUY_SIDE,M15,1.1463,2.037023556916134,NEUTRAL,STRONG_DISPLACEMENT,2.5462794461452685,BOS,True,STRONG_DOWNTREND,NORMAL_VOLATILITY,10
H3,11701,11698,1,2026-06-23 05:30:00+00:00,2026-06-23 06:15:00+00:00,1.143,1.14218,1.14218,1.14464,-0.0008200000000000429,SL,4,7.00000000000145e-05,0.0011399999999999189,SWEEP_EXTREME,FIXED_RR,CONFIRMED,SELL_SIDE,M15,1.14225,0.9274427943763469,BEARISH,MODERATE_DISPLACEMENT,1.282053274578961,CHOCH,False,STRONG_DOWNTREND,LOW_VOLATILITY,5
H3,11723,11720,-1,2026-06-23 11:00:00+00:00,2026-06-24 06:00:00+00:00,1.14118,1.1363200000000002,1.14361,1.1363200000000002,0.004859999999999864,TP,77,0.0050200000000000244,0.0005800000000000249,SWEEP_EXTREME,FIXED_RR,CONFIRMED,BUY_SIDE,M15,1.14336,2.516128106272364,NEUTRAL,STRONG_DISPLACEMENT,3.5645148172188645,CHOCH,True,STRONG_DOWNTREND,NORMAL_VOLATILITY,11
H3,11723,11720,-1,2026-06-23 11:00:00+00:00,2026-06-24 06:00:00+00:00,1.14118,1.1363200000000002,1.14361,1.1363200000000002,0.004859999999999864,TP,77,0.0050200000000000244,0.0005800000000000249,SWEEP_EXTREME,FIXED_RR,CONFIRMED,BUY_SIDE,M15,1.1432,2.516128106272364,NEUTRAL,STRONG_DISPLACEMENT,3.5645148172188645,CHOCH,True,STRONG_DOWNTREND,NORMAL_VOLATILITY,11
H3,11723,11720,-1,2026-06-23 11:00:00+00:00,2026-06-24 06:00:00+00:00,1.14118,1.1363200000000002,1.14361,1.1363200000000002,0.004859999999999864,TP,77,0.0050200000000000244,0.0005800000000000249,SWEEP_EXTREME,FIXED_RR,CONFIRMED,BUY_SIDE,M15,1.14303,2.516128106272364,NEUTRAL,STRONG_DISPLACEMENT,3.5645148172188645,CHOCH,True,STRONG_DOWNTREND,NORMAL_VOLATILITY,11
H3,11917,11913,1,2026-06-25 11:30:00+00:00,2026-06-25 13:45:00+00:00,1.13678,1.13441,1.13441,1.1415199999999999,-0.0023699999999999832,SL,10,0.000640000000000196,0.0025199999999998557,SWEEP_EXTREME,FIXED_RR,CONFIRMED,SELL_SIDE,M15,1.13476,1.8642232027398524,NEUTRAL,MODERATE_DISPLACEMENT,1.7534772699039107,CHOCH,False,STRONG_DOWNTREND,NORMAL_VOLATILITY,11
H3,11925,11922,-1,2026-06-25 13:30:00+00:00,2026-06-25 17:00:00+00:00,1.13548,1.1374700000000002,1.1374700000000002,1.1314999999999997,-0.0019900000000001583,SL,15,0.0021500000000000963,0.0028999999999999027,SWEEP_EXTREME,FIXED_RR,CONFIRMED,BUY_SIDE,M15,1.13726,1.7078104633963522,BULLISH,MODERATE_DISPLACEMENT,1.5571213048611394,CHOCH,True,STRONG_DOWNTREND,NORMAL_VOLATILITY,13
H3,12199,12195,1,2026-06-30 10:00:00+00:00,2026-07-01 09:45:00+00:00,1.1403,1.1403,1.1381999999999999,1.1445000000000005,0.0,TIME,96,0.0033799999999999386,0.0019400000000000528,SWEEP_EXTREME,FIXED_RR,CONFIRMED,SELL_SIDE,M15,1.13863,2.1415441515175084,BEARISH,STRONG_DISPLACEMENT,2.9034396669612503,CHOCH,False,RANGE,NORMAL_VOLATILITY,10
H3,12323,12320,1,2026-07-01 17:00:00+00:00,2026-07-02 15:30:00+00:00,1.13953,1.14637,1.13611,1.14637,0.006839999999999957,TP,91,0.007670000000000066,0.0021499999999998742,SWEEP_EXTREME,FIXED_RR,CONFIRMED,SELL_SIDE,M15,1.13685,2.0166451594996637,NEUTRAL,STRONG_DISPLACEMENT,4.908158439664739,CHOCH,False,DOWNTREND,HIGH_VOLATILITY,17
H3,12414,12411,1,2026-07-02 15:45:00+00:00,2026-07-03 15:30:00+00:00,1.14716,1.14478,1.14,1.16148,-0.0023800000000000487,TIME,96,0.00012999999999996348,0.006329999999999947,SWEEP_EXTREME,FIXED_RR,CONFIRMED,SELL_SIDE,M15,1.14031,1.3274629453644755,NEUTRAL,STRONG_DISPLACEMENT,11.35905001349736,CHOCH,False,UPTREND,HIGH_VOLATILITY,15
H3,12750,12747,1,2026-07-08 03:45:00+00:00,2026-07-08 04:30:00+00:00,1.14101,1.1399599999999999,1.1399599999999999,1.1431100000000005,-0.0010500000000002174,SL,4,0.00010999999999983245,0.0011600000000000499,SWEEP_EXTREME,FIXED_RR,CONFIRMED,SELL_SIDE,M15,1.14015,0.9029746343001688,NEUTRAL,MODERATE_DISPLACEMENT,1.784949858500659,CHOCH,False,STRONG_DOWNTREND,NORMAL_VOLATILITY,3
H3,12750,12747,1,2026-07-08 03:45:00+00:00,2026-07-08 04:30:00+00:00,1.14101,1.1399599999999999,1.1399599999999999,1.1431100000000005,-0.0010500000000002174,SL,4,0.00010999999999983245,0.0011600000000000499,SWEEP_EXTREME,FIXED_RR,CONFIRMED,SELL_SIDE,M15,1.1403,0.9029746343001688,NEUTRAL,MODERATE_DISPLACEMENT,1.784949858500659,CHOCH,False,STRONG_DOWNTREND,NORMAL_VOLATILITY,3
H3,12754,12750,-1,2026-07-08 04:45:00+00:00,2026-07-08 05:15:00+00:00,1.13998,1.14121,1.14121,1.1375199999999999,-0.0012300000000000644,SL,3,1.0000000000065512e-05,0.0012300000000000644,SWEEP_EXTREME,FIXED_RR,CONFIRMED,BUY_SIDE,M15,1.14089,0.9916732189189764,BEARISH,MODERATE_DISPLACEMENT,1.2142937374524223,CHOCH,True,STRONG_DOWNTREND,LOW_VOLATILITY,4
H3,12758,12754,1,2026-07-08 05:45:00+00:00,2026-07-08 12:00:00+00:00,1.14122,1.1398,1.1398,1.1440599999999999,-0.0014199999999999768,SL,26,0.0019500000000001183,0.0016199999999999548,SWEEP_EXTREME,FIXED_RR,CONFIRMED,SELL_SIDE,M15,1.13998,1.240824811182295,NEUTRAL,STRONG_DISPLACEMENT,2.3162063142072262,CHOCH,False,STRONG_DOWNTREND,NORMAL_VOLATILITY,5
H3,12758,12754,1,2026-07-08 05:45:00+00:00,2026-07-08 12:00:00+00:00,1.14122,1.1398,1.1398,1.1440599999999999,-0.0014199999999999768,SL,26,0.0019500000000001183,0.0016199999999999548,SWEEP_EXTREME,FIXED_RR,CONFIRMED,SELL_SIDE,M15,1.14001,1.240824811182295,NEUTRAL,STRONG_DISPLACEMENT,2.3162063142072262,CHOCH,False,STRONG_DOWNTREND,NORMAL_VOLATILITY,5
H3,12781,12778,-1,2026-07-08 11:30:00+00:00,2026-07-09 08:00:00+00:00,1.14142,1.1432200000000001,1.1432200000000001,1.13782,-0.0018000000000000238,SL,83,0.0023000000000001908,0.0019899999999999363,SWEEP_EXTREME,FIXED_RR,CONFIRMED,BUY_SIDE,M15,1.143,1.0213220303218395,BULLISH,STRONG_DISPLACEMENT,2.890534048080799,CHOCH,True,DOWNTREND,NORMAL_VOLATILITY,11
H3,12943,12940,1,2026-07-10 04:00:00+00:00,2026-07-10 05:15:00+00:00,1.14401,1.14597,1.14303,1.14597,0.0019599999999999618,TP,6,0.0019899999999999363,0.00028999999999990145,SWEEP_EXTREME,FIXED_RR,CONFIRMED,SELL_SIDE,M15,1.14313,0.9232399421988454,BULLISH,STRONG_DISPLACEMENT,2.13664100908961,BOS,False,UPTREND,LOW_VOLATILITY,4
H3,13278,13275,1,2026-07-15 15:45:00+00:00,2026-07-15 20:30:00+00:00,1.14251,1.14563,1.14095,1.14563,0.0031200000000000117,TP,20,0.004590000000000094,0.00015999999999993797,SWEEP_EXTREME,FIXED_RR,CONFIRMED,SELL_SIDE,M15,1.14106,1.236930860438121,BEARISH,STRONG_DISPLACEMENT,2.8577368154946265,CHOCH,False,RANGE,NORMAL_VOLATILITY,15
H3,13330,13327,-1,2026-07-16 04:45:00+00:00,2026-07-16 10:45:00+00:00,1.14669,1.14752,1.14752,1.1450299999999998,-0.0008300000000001084,SL,25,0.0006800000000000139,0.0009600000000000719,SWEEP_EXTREME,FIXED_RR,CONFIRMED,BUY_SIDE,M15,1.14741,1.6972635138551595,BULLISH,MODERATE_DISPLACEMENT,1.5614824327468675,CHOCH,True,STRONG_UPTREND,LOW_VOLATILITY,4
H3,13374,13371,-1,2026-07-16 15:45:00+00:00,2026-07-17 15:30:00+00:00,1.14526,1.14269,1.1469500000000001,1.1418799999999996,0.002569999999999961,TIME,96,0.002809999999999979,0.0006699999999999484,SWEEP_EXTREME,FIXED_RR,CONFIRMED,BUY_SIDE,M15,1.14685,2.509093981840327,BEARISH,STRONG_DISPLACEMENT,3.2060645323516517,CHOCH,True,STRONG_UPTREND,NORMAL_VOLATILITY,15
H3,13445,13439,1,2026-07-17 09:30:00+00:00,2026-07-17 13:15:00+00:00,1.14485,1.1434,1.1434,1.1477499999999998,-0.0014499999999999513,SL,16,0.00038000000000004697,0.0017300000000000093,SWEEP_EXTREME,FIXED_RR,CONFIRMED,SELL_SIDE,M15,1.14358,1.140139924186169,NEUTRAL,MODERATE_DISPLACEMENT,1.8052215466283938,CHOCH,False,RANGE,LOW_VOLATILITY,9
H3,13476,13473,1,2026-07-17 17:15:00+00:00,2026-07-20 02:15:00+00:00,1.14364,1.1423899999999998,1.1423899999999998,1.1461400000000004,-0.0012500000000001954,SL,37,0.0008200000000000429,0.0012699999999998823,SWEEP_EXTREME,FIXED_RR,CONFIRMED,SELL_SIDE,M15,1.14245,1.0420715452100773,BEARISH,STRONG_DISPLACEMENT,2.103089845787312,CHOCH,False,STRONG_DOWNTREND,NORMAL_VOLATILITY,17
H3,13565,13562,-1,2026-07-20 15:30:00+00:00,2026-07-21 15:15:00+00:00,1.14192,1.14158,1.1441000000000001,1.13756,0.00034000000000000696,TIME,96,0.0016800000000001258,0.0009500000000000064,SWEEP_EXTREME,FIXED_RR,CONFIRMED,BUY_SIDE,M15,1.14363,1.5533415732500286,NEUTRAL,STRONG_DISPLACEMENT,3.4518701627776815,BOS,True,DOWNTREND,NORMAL_VOLATILITY,15
H3,13717,13714,1,2026-07-22 05:30:00+00:00,2026-07-23 05:15:00+00:00,1.14079,1.14204,1.13981,1.14275,0.0012499999999999734,TIME,96,0.0013900000000000023,0.0007500000000000284,SWEEP_EXTREME,FIXED_RR,CONFIRMED,SELL_SIDE,M15,1.14016,1.698620244777781,BULLISH,STRONG_DISPLACEMENT,2.2114112620697775,CHOCH,False,STRONG_DOWNTREND,LOW_VOLATILITY,5
H3,13913,13910,-1,2026-07-24 06:30:00+00:00,2026-07-24 10:00:00+00:00,1.13791,1.1388200000000002,1.1388200000000002,1.1360899999999996,-0.0009100000000001884,SL,15,0.00026999999999999247,0.0016899999999999693,SWEEP_EXTREME,FIXED_RR,CONFIRMED,BUY_SIDE,M15,1.13873,0.9773222367951205,BULLISH,MODERATE_DISPLACEMENT,1.5637155788721928,CHOCH,True,STRONG_DOWNTREND,LOW_VOLATILITY,6
H3,13926,13923,1,2026-07-24 09:45:00+00:00,2026-07-24 10:15:00+00:00,1.13838,1.13996,1.1375899999999999,1.13996,0.0015800000000001369,TP,3,0.0015899999999999803,7.00000000000145e-05,SWEEP_EXTREME,FIXED_RR,CONFIRMED,SELL_SIDE,M15,1.13765,1.520403909286852,BEARISH,MODERATE_DISPLACEMENT,1.78871048151371,CHOCH,False,STRONG_DOWNTREND,LOW_VOLATILITY,9
H3,13985,13982,1,2026-07-27 00:30:00+00:00,2026-07-28 00:00:00+00:00,1.13916,1.13668,1.13668,1.14412,-0.0024800000000000377,SL,95,0.002690000000000081,0.0025100000000000122,SWEEP_EXTREME,FIXED_RR,CONFIRMED,SELL_SIDE,M15,1.1368,0.5643460348638295,BULLISH,STRONG_DISPLACEMENT,6.18093276279296,BOS,False,RANGE,NORMAL_VOLATILITY,0
H3,14109,14106,-1,2026-07-28 07:30:00+00:00,2026-07-28 17:45:00+00:00,1.13708,1.1380800000000002,1.1380800000000002,1.1350799999999999,-0.001000000000000112,SL,42,0.0017500000000001403,0.0015799999999999148,SWEEP_EXTREME,FIXED_RR,CONFIRMED,BUY_SIDE,M15,1.13788,1.390062476215706,BULLISH,MODERATE_DISPLACEMENT,1.5970930577790488,CHOCH,True,STRONG_DOWNTREND,LOW_VOLATILITY,7
H3,14256,14253,1,2026-07-29 20:15:00+00:00,2026-07-29 21:00:00+00:00,1.13897,1.1416700000000004,1.1376199999999999,1.1416700000000004,0.0027000000000003688,TP,4,0.004089999999999927,9.000000000014552e-05,SWEEP_EXTREME,FIXED_RR,CONFIRMED,SELL_SIDE,M15,1.13778,1.0997184761715206,BULLISH,MODERATE_DISPLACEMENT,1.3521128805388074,BOS,False,RANGE,NORMAL_VOLATILITY,20
H3,14308,14305,-1,2026-07-30 09:15:00+00:00,2026-07-30 12:00:00+00:00,1.14448,1.1457300000000001,1.1457300000000001,1.1419799999999996,-0.0012500000000001954,SL,12,0.0010499999999999954,0.0013700000000000934,SWEEP_EXTREME,FIXED_RR,CONFIRMED,BUY_SIDE,M15,1.14554,0.6195328997943325,NEUTRAL,STRONG_DISPLACEMENT,2.5734443529924937,CHOCH,False,STRONG_UPTREND,LOW_VOLATILITY,9
H3,14418,14415,-1,2026-07-31 12:45:00+00:00,2026-07-31 16:30:00+00:00,1.15035,1.1456699999999995,1.1526900000000002,1.1456699999999995,0.004680000000000462,TP,16,0.00482999999999989,0.0005900000000000905,SWEEP_EXTREME,FIXED_RR,CONFIRMED,BUY_SIDE,M15,1.1525,2.4753587045405583,BULLISH,STRONG_DISPLACEMENT,2.574942100700252,CHOCH,False,STRONG_UPTREND,NORMAL_VOLATILITY,12
H3,14533,14530,-1,2026-08-03 17:30:00+00:00,2026-08-04 17:15:00+00:00,1.15151,1.15269,1.15358,1.14737,-0.0011799999999999589,TIME,96,0.0014700000000000824,0.0015799999999999148,SWEEP_EXTREME,FIXED_RR,CONFIRMED,BUY_SIDE,M15,1.15352,1.6275793476431604,BULLISH,STRONG_DISPLACEMENT,2.0221440379809072,CHOCH,False,STRONG_UPTREND,NORMAL_VOLATILITY,17
H3,14574,14571,1,2026-08-04 03:45:00+00:00,2026-08-04 03:45:00+00:00,1.15126,1.15058,1.15058,1.15262,-0.0006800000000000139,SL,1,2.0000000000131024e-05,0.0007800000000000029,SWEEP_EXTREME,FIXED_RR,CONFIRMED,SELL_SIDE,M15,1.15065,0.5670494440016801,NEUTRAL,MODERATE_DISPLACEMENT,1.701148332005703,BOS,True,RANGE,LOW_VOLATILITY,3
H3,14601,14598,1,2026-08-04 10:30:00+00:00,2026-08-04 21:45:00+00:00,1.15126,1.1531400000000003,1.1503199999999998,1.1531400000000003,0.0018800000000003259,TP,46,0.0021299999999999653,0.0009200000000000319,SWEEP_EXTREME,FIXED_RR,CONFIRMED,SELL_SIDE,M15,1.15038,1.1824308629892706,BEARISH,STRONG_DISPLACEMENT,2.0564015008501113,CHOCH,True,RANGE,LOW_VOLATILITY,10
H3,14627,14624,1,2026-08-04 17:00:00+00:00,2026-08-05 14:15:00+00:00,1.15237,1.15503,1.1510399999999998,1.15503,0.0026600000000001067,TP,86,0.00275000000000003,0.0010299999999998644,SWEEP_EXTREME,FIXED_RR,CONFIRMED,SELL_SIDE,M15,1.15134,0.820237033494042,NEUTRAL,STRONG_DISPLACEMENT,2.0319508329735476,CHOCH,True,UPTREND,NORMAL_VOLATILITY,17
H3,14673,14669,-1,2026-08-05 04:30:00+00:00,2026-08-05 05:30:00+00:00,1.15285,1.1536000000000002,1.1536000000000002,1.1513499999999994,-0.0007500000000002505,SL,5,0.00017999999999984695,0.0012199999999999989,SWEEP_EXTREME,FIXED_RR,CONFIRMED,BUY_SIDE,M15,1.15353,1.0780686966756008,NEUTRAL,MODERATE_DISPLACEMENT,1.4823444579284837,CHOCH,False,STRONG_UPTREND,LOW_VOLATILITY,4
H3,14679,14676,1,2026-08-05 06:00:00+00:00,2026-08-05 14:30:00+00:00,1.15348,1.1552000000000002,1.15262,1.1552000000000002,0.0017200000000001658,TP,35,0.0020499999999998852,0.00036999999999998145,SWEEP_EXTREME,FIXED_RR,CONFIRMED,SELL_SIDE,M15,1.15268,1.520731604013839,NEUTRAL,MODERATE_DISPLACEMENT,1.584095420848892,CHOCH,True,STRONG_UPTREND,LOW_VOLATILITY,6
H3,15472,15469,-1,2026-08-17 12:15:00+00:00,2026-08-18 09:00:00+00:00,1.15987,1.1567099999999997,1.16145,1.1567099999999997,0.0031600000000002737,TP,84,0.003169999999999895,0.00036999999999998145,SWEEP_EXTREME,FIXED_RR,CONFIRMED,BUY_SIDE,M15,1.1612,1.7051868394728211,BULLISH,STRONG_DISPLACEMENT,3.322928199998231,CHOCH,False,STRONG_UPTREND,NORMAL_VOLATILITY,12
H3,15540,15536,-1,2026-08-18 05:15:00+00:00,2026-08-18 17:00:00+00:00,1.15769,1.15863,1.15863,1.1558100000000002,-0.0009399999999999409,SL,48,0.0010300000000000864,0.0010099999999999554,SWEEP_EXTREME,FIXED_RR,CONFIRMED,BUY_SIDE,M15,1.15849,1.4265492977610728,NEUTRAL,MODERATE_DISPLACEMENT,1.7752613483251878,CHOCH,False,STRONG_UPTREND,LOW_VOLATILITY,5
H3,15613,15610,-1,2026-08-18 23:30:00+00:00,2026-08-19 03:00:00+00:00,1.15731,1.1581400000000002,1.1581400000000002,1.1556499999999998,-0.0008300000000001084,SL,15,2.999999999997449e-05,0.0008599999999998609,SWEEP_EXTREME,FIXED_RR,CONFIRMED,BUY_SIDE,M15,1.15788,1.2599715835630678,NEUTRAL,MODERATE_DISPLACEMENT,1.5280506438956227,BOS,False,RANGE,LOW_VOLATILITY,23
H3,15629,15626,1,2026-08-19 03:30:00+00:00,2026-08-19 04:00:00+00:00,1.15793,1.15729,1.15729,1.1592099999999999,-0.0006399999999999739,SL,3,4.0000000000040004e-05,0.0007899999999998464,SWEEP_EXTREME,FIXED_RR,CONFIRMED,SELL_SIDE,M15,1.15736,0.8487218038283108,BULLISH,MODERATE_DISPLACEMENT,1.955750243604475,CHOCH,True,RANGE,LOW_VOLATILITY,3
H3,15632,15628,-1,2026-08-19 04:15:00+00:00,2026-08-19 05:15:00+00:00,1.15723,1.15822,1.15822,1.1552499999999999,-0.0009900000000000464,SL,5,0.00021999999999988695,0.0013000000000000789,SWEEP_EXTREME,FIXED_RR,CONFIRMED,BUY_SIDE,M15,1.15809,2.1860630915114596,NEUTRAL,STRONG_DISPLACEMENT,2.118799611772933,CHOCH,False,RANGE,LOW_VOLATILITY,4
H3,15632,15628,-1,2026-08-19 04:15:00+00:00,2026-08-19 05:15:00+00:00,1.15723,1.15822,1.15822,1.1552499999999999,-0.0009900000000000464,SL,5,0.00021999999999988695,0.0013000000000000789,SWEEP_EXTREME,FIXED_RR,CONFIRMED,BUY_SIDE,M15,1.15783,2.1860630915114596,NEUTRAL,STRONG_DISPLACEMENT,2.118799611772933,CHOCH,False,RANGE,LOW_VOLATILITY,4
H3,15637,15632,1,2026-08-19 05:30:00+00:00,2026-08-19 11:00:00+00:00,1.15821,1.16045,1.15709,1.16045,0.0022400000000000198,TP,23,0.0022500000000000853,0.00017000000000000348,SWEEP_EXTREME,FIXED_RR,CONFIRMED,SELL_SIDE,M15,1.15718,0.9957123564895668,NEUTRAL,MODERATE_DISPLACEMENT,1.4935685347350411,CHOCH,True,RANGE,LOW_VOLATILITY,5
H3,15637,15632,1,2026-08-19 05:30:00+00:00,2026-08-19 11:00:00+00:00,1.15821,1.16045,1.15709,1.16045,0.0022400000000000198,TP,23,0.0022500000000000853,0.00017000000000000348,SWEEP_EXTREME,FIXED_RR,CONFIRMED,SELL_SIDE,M15,1.15734,0.9957123564895668,NEUTRAL,MODERATE_DISPLACEMENT,1.4935685347350411,CHOCH,True,RANGE,LOW_VOLATILITY,5
H3,15637,15633,1,2026-08-19 05:30:00+00:00,2026-08-19 12:45:00+00:00,1.15821,1.16071,1.15696,1.16071,0.0024999999999999467,TP,30,0.002610000000000001,0.00017000000000000348,SWEEP_EXTREME,FIXED_RR,CONFIRMED,SELL_SIDE,M15,1.15707,1.1952941130773393,NEUTRAL,MODERATE_DISPLACEMENT,1.6856711851096964,CHOCH,True,RANGE,LOW_VOLATILITY,5
H3,15745,15740,-1,2026-08-20 08:30:00+00:00,2026-08-20 09:45:00+00:00,1.16715,1.16808,1.16808,1.1652899999999997,-0.0009300000000000974,SL,6,0.00012999999999996348,0.0016900000000001913,SWEEP_EXTREME,FIXED_RR,CONFIRMED,BUY_SIDE,M15,1.16802,0.4696616158459287,NEUTRAL,MODERATE_DISPLACEMENT,1.502917170707076,BOS,False,STRONG_UPTREND,LOW_VOLATILITY,8
H3,15767,15764,-1,2026-08-20 14:00:00+00:00,2026-08-21 12:00:00+00:00,1.16971,1.17111,1.17111,1.16691,-0.0014000000000000679,SL,89,0.00279000000000007,0.0014399999999998858,SWEEP_EXTREME,FIXED_RR,CONFIRMED,BUY_SIDE,M15,1.17097,1.0661548244471049,BULLISH,MODERATE_DISPLACEMENT,1.776924707411961,CHOCH,False,STRONG_UPTREND,NORMAL_VOLATILITY,14
H3,15851,15848,-1,2026-08-21 11:00:00+00:00,2026-08-21 11:30:00+00:00,1.16907,1.17009,1.17009,1.16703,-0.0010200000000000209,SL,3,0.00016000000000016001,0.0014300000000000423,SWEEP_EXTREME,FIXED_RR,CONFIRMED,BUY_SIDE,M15,1.16994,1.4554509751744409,NEUTRAL,MODERATE_DISPLACEMENT,1.4315911231222447,CHOCH,False,STRONG_UPTREND,LOW_VOLATILITY,11
H3,15854,15850,1,2026-08-21 11:45:00+00:00,2026-08-21 15:30:00+00:00,1.17041,1.1688699999999999,1.1688699999999999,1.1734900000000001,-0.0015400000000000968,SL,16,0.0007399999999999629,0.0019000000000000128,SWEEP_EXTREME,FIXED_RR,CONFIRMED,SELL_SIDE,M15,1.16902,1.5757660670869094,NEUTRAL,MODERATE_DISPLACEMENT,1.2519785190552015,CHOCH,True,STRONG_UPTREND,NORMAL_VOLATILITY,11
H3,16039,16036,-1,2026-08-25 10:00:00+00:00,2026-08-25 10:00:00+00:00,1.16527,1.16579,1.16579,1.1642299999999999,-0.000520000000000076,SL,1,1.0000000000065512e-05,0.0006599999999998829,SWEEP_EXTREME,FIXED_RR,CONFIRMED,BUY_SIDE,M15,1.16568,1.598601702132909,BEARISH,MODERATE_DISPLACEMENT,1.7101320534444306,CHOCH,False,STRONG_DOWNTREND,LOW_VOLATILITY,10
H3,16137,16134,1,2026-08-26 10:30:00+00:00,2026-08-26 15:45:00+00:00,1.16697,1.16593,1.16593,1.1690500000000004,-0.001040000000000152,SL,22,0.0007199999999998319,0.0014100000000001334,SWEEP_EXTREME,FIXED_RR,CONFIRMED,SELL_SIDE,M15,1.16605,1.4415286138345815,BEARISH,MODERATE_DISPLACEMENT,1.990682371485524,CHOCH,True,RANGE,LOW_VOLATILITY,10
H3,16144,16141,-1,2026-08-26 12:15:00+00:00,2026-08-26 17:15:00+00:00,1.16665,1.16447,1.16774,1.16447,0.0021800000000000708,TP,21,0.002389999999999892,0.0008600000000000829,SWEEP_EXTREME,FIXED_RR,CONFIRMED,BUY_SIDE,M15,1.16756,0.8346366809941611,NEUTRAL,STRONG_DISPLACEMENT,3.1839843756447483,CHOCH,False,DOWNTREND,LOW_VOLATILITY,12
H3,16159,16155,-1,2026-08-26 16:00:00+00:00,2026-08-27 15:45:00+00:00,1.16559,1.16411,1.1669800000000001,1.1628099999999995,0.0014799999999999258,TIME,96,0.0019499999999998963,0.000360000000000138,SWEEP_EXTREME,FIXED_RR,CONFIRMED,BUY_SIDE,M15,1.16659,1.2090510054733603,BEARISH,MODERATE_DISPLACEMENT,1.504596806811399,CHOCH,False,RANGE,LOW_VOLATILITY,16
H3,16159,16156,-1,2026-08-26 16:00:00+00:00,2026-08-27 15:45:00+00:00,1.16559,1.16411,1.16738,1.1620099999999995,0.0014799999999999258,TIME,96,0.0019499999999998963,0.000360000000000138,SWEEP_EXTREME,FIXED_RR,CONFIRMED,BUY_SIDE,M15,1.16693,1.3585877503183148,BEARISH,STRONG_DISPLACEMENT,4.38928350102809,CHOCH,False,RANGE,LOW_VOLATILITY,16
H3,16309,16306,-1,2026-08-28 05:30:00+00:00,2026-08-28 17:00:00+00:00,1.16477,1.1655900000000001,1.1655900000000001,1.16313,-0.0008200000000000429,SL,47,0.003750000000000142,0.0011799999999999589,SWEEP_EXTREME,FIXED_RR,CONFIRMED,BUY_SIDE,M15,1.16549,1.269926946016729,BULLISH,STRONG_DISPLACEMENT,2.5821847902342974,CHOCH,False,DOWNTREND,LOW_VOLATILITY,5
H3,16343,16340,1,2026-08-28 14:00:00+00:00,2026-08-28 16:45:00+00:00,1.16491,1.1638799999999998,1.1638799999999998,1.16697,-0.0010300000000000864,SL,12,0.00013000000000018552,0.0011799999999999589,SWEEP_EXTREME,FIXED_RR,CONFIRMED,SELL_SIDE,M15,1.16396,0.9400989922844928,NEUTRAL,STRONG_DISPLACEMENT,2.7554625635906422,CHOCH,True,STRONG_DOWNTREND,LOW_VOLATILITY,14
H3,16355,16351,-1,2026-08-28 17:00:00+00:00,2026-08-28 17:00:00+00:00,1.16385,1.1650900000000002,1.1650900000000002,1.1613699999999998,-0.0012400000000001299,SL,1,0.00283000000000011,0.0020999999999999908,SWEEP_EXTREME,FIXED_RR,CONFIRMED,BUY_SIDE,M15,1.16496,2.5973822940047464,BEARISH,STRONG_DISPLACEMENT,2.122591982196847,CHOCH,False,STRONG_DOWNTREND,LOW_VOLATILITY,17
H3,16355,16351,-1,2026-08-28 17:00:00+00:00,2026-08-28 17:00:00+00:00,1.16385,1.1650900000000002,1.1650900000000002,1.1613699999999998,-0.0012400000000001299,SL,1,0.00283000000000011,0.0020999999999999908,SWEEP_EXTREME,FIXED_RR,CONFIRMED,BUY_SIDE,M15,1.16483,2.5973822940047464,BEARISH,STRONG_DISPLACEMENT,2.122591982196847,CHOCH,False,STRONG_DOWNTREND,LOW_VOLATILITY,17
H3,16426,16423,1,2026-08-31 10:45:00+00:00,2026-09-01 00:00:00+00:00,1.1599,1.1617,1.1584299999999998,1.16284,0.0018000000000000238,TIME,54,0.0021800000000000708,0.0007399999999999629,SWEEP_EXTREME,FIXED_RR,CONFIRMED,SELL_SIDE,M15,1.15856,1.2926071433517936,BEARISH,STRONG_DISPLACEMENT,2.9011849217446124,CHOCH,True,STRONG_DOWNTREND,LOW_VOLATILITY,10
H3,16452,16446,1,2026-08-31 17:15:00+00:00,2026-09-01 00:00:00+00:00,1.16012,1.1617,1.1591099999999999,1.1621400000000004,0.0015799999999999148,TIME,28,0.0019599999999999618,0.00012000000000012001,SWEEP_EXTREME,FIXED_RR,CONFIRMED,SELL_SIDE,M15,1.1593,1.1889088560066885,BULLISH,MODERATE_DISPLACEMENT,1.3683667965356334,CHOCH,True,STRONG_DOWNTREND,LOW_VOLATILITY,17
