hypothesis,components,n,expectancy,win_rate,ci95
H1,sweep,2240,1.0897321428571745e-05,0.48794642857142856,"(-5.004051339285309e-05, 7.361863839285815e-05)"
H2,sweep+displacement,247,0.0001239271255060757,0.5222672064777328,"(-9.939777327934278e-05, 0.00035181174089068853)"
H3,sweep+displacement+bos,31,0.0005399999999999992,0.5806451612903226,"(-7.678225806450343e-05, 0.0011981048387096542)"
H4,sweep+displacement+bos+ema13_confirmation,31,0.0005399999999999992,0.5806451612903226,"(-7.678225806450343e-05, 0.0011981048387096542)"
H5,sweep+displacement+nearest_opposite_liquidity,247,0.0001239271255060757,0.5222672064777328,"(-9.939777327934278e-05, 0.00035181174089068853)"
H6,sweep+displacement+bos+mtf_alignment,29,0.0006286206896551713,0.6206896551724138,"(-8.213793103446268e-05, 0.001295241379310338)"
H7,opposite_liquidity_target,0,,,"(nan, nan)"
H8,sweep+displacement+bos+mtf_alignment+ema13_confirmation+opposite_liquidity_target,0,,,"(nan, nan)"
RANDOM_ELIGIBLE_ENTRY,CONTROL,16369,-2.9390921864500843e-06,0.4826195858024314,"(-2.7268174598327404e-05, 2.0495616714521342e-05)"
BASELINE_CURRENT_ENGINE,CONTROL,16369,-2.9390921864500843e-06,0.4826195858024314,"(-2.6215055898345393e-05, 2.0843102816299193e-05)"
