timestamp,open,high,low,close,volume,spread
2026-01-01 00:00:00+00:00,1.080075037757546,1.080385880467394,1.079191113616349,1.079930652434229,42109,2.0510101599242544e-05
2026-01-01 04:00:00+00:00,1.079930652434229,1.0810295066162567,1.0796264435547014,1.080748724365918,36145,1.9643385835492633e-05
2026-01-01 08:00:00+00:00,1.080748724365918,1.081338308138904,1.0803272683790914,1.0812230929562598,44787,2.23133212703088e-05
2026-01-01 12:00:00+00:00,1.0812230929562598,1.0816877486147474,1.080718608005777,1.0810946366709238,46552,2.2540789421393134e-05
2026-01-01 16:00:00+00:00,1.0810946366709238,1.081650761863469,1.0805379190480013,1.081092692662508,39786,2.216481650716614e-05
2026-01-01 20:00:00+00:00,1.081092692662508,1.0813632128050998,1.0801194103617586,1.0802837118264454,46047,2.0318419746509693e-05
2026-01-02 00:00:00+00:00,1.0802837118264454,1.0803182507431028,1.0792044918828338,1.0794951264125288,43084,2.2793206173854644e-05
2026-01-02 04:00:00+00:00,1.0794951264125288,1.0802199559403016,1.0787846922613251,1.0799137167461443,43402,1.917806259592645e-05
2026-01-02 08:00:00+00:00,1.0799137167461443,1.0803131659197387,1.0786503351047247,1.0796493444838928,34653,2.1234189957338952e-05
2026-01-02 12:00:00+00:00,1.0796493444838928,1.0797660044728081,1.078730127758345,1.0791238312595566,42622,1.738702426845783e-05
2026-01-02 16:00:00+00:00,1.0791238312595566,1.0795587556421786,1.0785431334056876,1.0787407209703341,42426,2.1456382331503756e-05
2026-01-02 20:00:00+00:00,1.0787407209703341,1.0805945905275312,1.0786329678454323,1.0803817070564223,36285,2.175411299788663e-05
2026-01-03 00:00:00+00:00,1.0803817070564223,1.0809637475262182,1.0798635099052079,1.0799542702961495,35317,2.027702825442963e-05
2026-01-03 04:00:00+00:00,1.0799542702961495,1.0803022621637384,1.079286734837716,1.0798038975468416,47939,2.0295039453602855e-05
2026-01-03 08:00:00+00:00,1.0798038975468416,1.0810041028767403,1.0793127014381942,1.0794379272766046,38088,1.9163515095944636e-05
2026-01-03 12:00:00+00:00,1.0794379272766046,1.0799005621064466,1.078392764252287,1.0796466151238704,43731,1.925497653194406e-05
2026-01-03 16:00:00+00:00,1.0796466151238704,1.0799035082282116,1.0790282956946824,1.0796342086406,40616,1.9634831064938298e-05
2026-01-03 20:00:00+00:00,1.0796342086406,1.080715508388555,1.0794645547961663,1.0802869419506118,47227,2.1920301339632013e-05
2026-01-04 00:00:00+00:00,1.0802869419506118,1.0806163385855425,1.0794623811261874,1.0798811264878543,48528,1.8766715494607673e-05
2026-01-04 04:00:00+00:00,1.0798811264878543,1.0816630685598605,1.0794757351512216,1.0812581936903853,45589,1.9996809856503158e-05
2026-01-04 08:00:00+00:00,1.0812581936903853,1.0825324645715957,1.0812146015577355,1.0816036179622928,46927,1.9662309766892793e-05
2026-01-04 12:00:00+00:00,1.0816036179622928,1.0820843731022656,1.0811458492997001,1.0818561408951382,34520,1.9449849566813275e-05
2026-01-04 16:00:00+00:00,1.0818561408951382,1.0827012134345866,1.081596124712681,1.0822043185582593,45473,2.1012096433792434e-05
2026-01-04 20:00:00+00:00,1.0822043185582593,1.0840651491790092,1.0820658071595826,1.0833154670989429,49501,1.8647643204704958e-05
2026-01-05 00:00:00+00:00,1.0833154670989429,1.0834845965496311,1.08203288005009,1.0827435831591241,43959,2.1148734007058986e-05
2026-01-05 04:00:00+00:00,1.0827435831591241,1.0832493130614047,1.0813231915805601,1.0816153828474375,41428,2.205377680615222e-05
2026-01-05 08:00:00+00:00,1.0816153828474375,1.0825640056011758,1.0814839314143185,1.0818762950916472,50987,2.1160795510752907e-05
2026-01-05 12:00:00+00:00,1.0818762950916472,1.082026649597962,1.08088722572378,1.0814035520397571,45491,2.2181776881027994e-05
2026-01-05 16:00:00+00:00,1.0814035520397571,1.0831694126676443,1.0813270077804196,1.082043920570014,41356,1.8113103153739213e-05
2026-01-05 20:00:00+00:00,1.082043920570014,1.0828865245189827,1.081535763583458,1.0828009694712717,39932,2.096309943811647e-05
2026-01-06 00:00:00+00:00,1.0828009694712717,1.0839467976828534,1.0826098233394854,1.083767758429728,43324,1.906095326642864e-05
2026-01-06 04:00:00+00:00,1.083767758429728,1.0838301397927905,1.0817239711129583,1.0820870676756316,48448,2.367867601514776e-05
2026-01-06 08:00:00+00:00,1.0820870676756316,1.08361180582825,1.0819518728911524,1.0834228559075108,45397,1.8826043678215517e-05
2026-01-06 12:00:00+00:00,1.0834228559075108,1.0840218323317383,1.0822211129607169,1.0823583443160048,46471,2.1763114116525767e-05
2026-01-06 16:00:00+00:00,1.0823583443160048,1.0832930907005258,1.081924317914669,1.0822909032047385,40423,2.1780102643629834e-05
2026-01-06 20:00:00+00:00,1.0822909032047385,1.0827582786898764,1.0817314980251465,1.0819115634571612,35485,1.7816273643860962e-05
2026-01-07 00:00:00+00:00,1.0819115634571612,1.0826753007107535,1.0813236843425964,1.08189298465939,44123,2.1723967438547236e-05
2026-01-07 04:00:00+00:00,1.08189298465939,1.0824032251883147,1.081183498844058,1.0817842311741646,32337,2.1882931753905146e-05
2026-01-07 08:00:00+00:00,1.0817842311741646,1.0818658478752892,1.0805959338548352,1.0810366595127543,50173,1.8236716569960754e-05
2026-01-07 12:00:00+00:00,1.0810366595127543,1.081616458444814,1.0803653038672696,1.0808253159435108,57270,1.9547954092274398e-05
2026-01-07 16:00:00+00:00,1.0808253159435108,1.0817094342556004,1.0803471729434568,1.0815589932328358,49036,2.2761147024364455e-05
2026-01-07 20:00:00+00:00,1.0815589932328358,1.0818206923895028,1.0796027877483656,1.0799911684988501,46687,1.9706262393850775e-05
2026-01-08 00:00:00+00:00,1.0799911684988501,1.0815782338613065,1.0793632013115368,1.0813786571143646,37970,1.8570378410385776e-05
2026-01-08 04:00:00+00:00,1.0813786571143646,1.081603670572974,1.0795333081443785,1.0796709195263776,47361,2.2087062366219225e-05
2026-01-08 08:00:00+00:00,1.0796709195263776,1.0800814145864153,1.0787499525403281,1.0789432183134609,48764,1.8790919346544173e-05
2026-01-08 12:00:00+00:00,1.0789432183134609,1.0792487703323281,1.0779948347021444,1.0786062223371617,46929,2.0712935961179512e-05
2026-01-08 16:00:00+00:00,1.0786062223371617,1.079113685134147,1.077864469078183,1.0784741276886467,40939,1.8150875210576925e-05
2026-01-08 20:00:00+00:00,1.0784741276886467,1.0805345742294248,1.078093129487843,1.079992046354471,41590,1.909264870658893e-05
2026-01-09 00:00:00+00:00,1.079992046354471,1.0815677800213852,1.0795449004522366,1.0814253024303886,56721,1.9356598380058572e-05
2026-01-09 04:00:00+00:00,1.0814253024303886,1.081643711078547,1.0804504975330094,1.0813298721401914,50764,2.0457509045106713e-05
2026-01-09 08:00:00+00:00,1.0813298721401914,1.0818006426966864,1.0808585480549773,1.0810962973175304,43526,1.826580744704292e-05
2026-01-09 12:00:00+00:00,1.0810962973175304,1.0813350780501831,1.079629678476143,1.080175554539581,42542,1.8609177588960777e-05
2026-01-09 16:00:00+00:00,1.080175554539581,1.0819997778606294,1.0793198226048941,1.0819701746838073,43316,1.9448566466201248e-05
2026-01-09 20:00:00+00:00,1.0819701746838073,1.0825125709485028,1.08143218611291,1.0815998317108533,40907,1.9548347147040524e-05
2026-01-10 00:00:00+00:00,1.0815998317108533,1.0817947225923465,1.0801490436351804,1.0803198261842255,38695,2.1799537353442463e-05
2026-01-10 04:00:00+00:00,1.0803198261842255,1.080697650610208,1.0786647961588194,1.0790553716402207,39101,2.2247500316466708e-05
2026-01-10 08:00:00+00:00,1.0790553716402207,1.0794368478850047,1.078419374198884,1.078724137342418,36572,1.9136687426072033e-05
2026-01-10 12:00:00+00:00,1.078724137342418,1.0801205021646676,1.0785802071610673,1.0796990553121766,45853,2.1133991059316972e-05
2026-01-10 16:00:00+00:00,1.0796990553121766,1.081501846828799,1.0794724045730375,1.0814476295898843,44576,2.056165773699402e-05
2026-01-10 20:00:00+00:00,1.0814476295898843,1.081698501302141,1.0794460515580557,1.0804624805937095,47199,2.1693416551441056e-05
2026-01-11 00:00:00+00:00,1.0804624805937095,1.0809932205735253,1.0799537142996594,1.0800638185978462,40227,2.2030576550900305e-05
2026-01-11 04:00:00+00:00,1.0800638185978462,1.0805314772955024,1.0796479183195276,1.0804370287302496,39680,2.005567607057496e-05
2026-01-11 08:00:00+00:00,1.0804370287302496,1.0819889579374855,1.0803690947090592,1.0818031067118035,56235,2.0644533021055937e-05
2026-01-11 12:00:00+00:00,1.0818031067118035,1.0822715720204954,1.0811164845638057,1.0818411279019045,49774,1.9863951534843783e-05
2026-01-11 16:00:00+00:00,1.0818411279019045,1.0820550976900283,1.0806787518744259,1.0819491022840648,48177,1.9332390935613644e-05
2026-01-11 20:00:00+00:00,1.0819491022840648,1.0823367186732245,1.0814084375054507,1.0822125803651312,51837,2.0298966433257868e-05
2026-01-12 00:00:00+00:00,1.0822125803651312,1.083293587313631,1.082130375613679,1.0829042642799223,46924,1.8864974464088724e-05
2026-01-12 04:00:00+00:00,1.0829042642799223,1.0839499186608184,1.0822820110583125,1.0831518071040835,49444,1.9036075227552088e-05
2026-01-12 08:00:00+00:00,1.0831518071040835,1.0853887528308206,1.0829601991430389,1.0853067419575186,45501,1.9366617339005528e-05
2026-01-12 12:00:00+00:00,1.0853067419575186,1.0859295839834469,1.0846251674307974,1.0855368011171802,37927,2.0445807275333148e-05
2026-01-12 16:00:00+00:00,1.0855368011171802,1.0859564107690296,1.0848016983411375,1.0856063589457112,35875,1.9085842345473227e-05
2026-01-12 20:00:00+00:00,1.0856063589457112,1.0862258055778227,1.084889619400733,1.0860830811204922,39227,2.235173951739173e-05
2026-01-13 00:00:00+00:00,1.0860830811204922,1.0866961978262069,1.0845905672281444,1.0857608518868076,37836,1.8203526156113763e-05
2026-01-13 04:00:00+00:00,1.0857608518868076,1.085867686340525,1.0841398433090248,1.0844878906143303,43699,1.7297088075892852e-05
2026-01-13 08:00:00+00:00,1.0844878906143303,1.0861668652942778,1.0839686392633836,1.0857292072713767,39655,2.1550515353002252e-05
2026-01-13 12:00:00+00:00,1.0857292072713767,1.0858864396025236,1.0844823839156879,1.0846180225015576,48492,1.8610697961529226e-05
2026-01-13 16:00:00+00:00,1.0846180225015576,1.0847863082460303,1.083392910814914,1.0844082485701563,37460,1.980683070107407e-05
2026-01-13 20:00:00+00:00,1.0844082485701563,1.0856205355140323,1.0840040624091702,1.0850318292585233,44213,1.880926277058599e-05
2026-01-14 00:00:00+00:00,1.0850318292585233,1.0860428940237372,1.0845535749149597,1.0858353046038827,38262,1.8700256109703144e-05
2026-01-14 04:00:00+00:00,1.0858353046038827,1.0872608767366023,1.0855686040204908,1.0871033898630513,46482,2.19736754770896e-05
2026-01-14 08:00:00+00:00,1.0871033898630513,1.0875267080304143,1.086299572302795,1.0869302123572937,51824,1.9277776196023558e-05
2026-01-14 12:00:00+00:00,1.0869302123572937,1.0870513503675745,1.0844513157424887,1.084794049291547,47290,2.0718497691015496e-05
2026-01-14 16:00:00+00:00,1.084794049291547,1.0855682940840456,1.0845553277208615,1.0848626794257616,40405,1.870725219108899e-05
2026-01-14 20:00:00+00:00,1.0848626794257616,1.0863527654919545,1.0842604255429737,1.086085490508909,48981,2.0663015933193907e-05
2026-01-15 00:00:00+00:00,1.086085490508909,1.0871558715984144,1.0857631687022737,1.086787187185235,31976,2.1525676908910348e-05
2026-01-15 04:00:00+00:00,1.086787187185235,1.0875784363329328,1.0864135493432274,1.087190822045165,39562,1.9103647698179216e-05
2026-01-15 08:00:00+00:00,1.087190822045165,1.088243070022388,1.086784237496046,1.087282010549807,50036,1.8389643580419663e-05
2026-01-15 12:00:00+00:00,1.087282010549807,1.0878310877475523,1.0867145141152454,1.0877198588936332,39891,2.0127064872923025e-05
2026-01-15 16:00:00+00:00,1.0877198588936332,1.0898474237777456,1.0875862528179596,1.0897927300574033,38649,2.0086301633284136e-05
2026-01-15 20:00:00+00:00,1.0897927300574033,1.0905753036129187,1.0885984891535645,1.0890562889129167,46776,2.0655398039220146e-05
2026-01-16 00:00:00+00:00,1.0890562889129167,1.0903434244852654,1.088563111871096,1.0901955324641746,50701,1.997457879602075e-05
2026-01-16 04:00:00+00:00,1.0901955324641746,1.0917521678048936,1.0900100789942742,1.090659355262316,49332,2.1997023166214037e-05
2026-01-16 08:00:00+00:00,1.090659355262316,1.0914337812325032,1.0900195133399675,1.0910040369594702,39271,1.8789836430977675e-05
2026-01-16 12:00:00+00:00,1.0910040369594702,1.0913006534726772,1.089879077103435,1.0903865244376632,46366,1.7719149172959874e-05
2026-01-16 16:00:00+00:00,1.0903865244376632,1.09106735230916,1.0898766730944973,1.089938868388847,45030,1.7722769876103543e-05
2026-01-16 20:00:00+00:00,1.089938868388847,1.0900717510644031,1.088808237750517,1.0896671151594177,45410,2.0115369233208302e-05
2026-01-17 00:00:00+00:00,1.0896671151594177,1.0903294286060115,1.0892321658793127,1.0894177679255392,38175,1.9277688777336055e-05
2026-01-17 04:00:00+00:00,1.0894177679255392,1.0895422411560518,1.087947215206602,1.088157580999602,43290,2.1577961539470936e-05
2026-01-17 08:00:00+00:00,1.088157580999602,1.088451224565502,1.0871575295381262,1.0877050312722953,45554,1.998512270738541e-05
2026-01-17 12:00:00+00:00,1.0877050312722953,1.0878608288872562,1.0858875684380715,1.0865889753095406,40931,1.9656331547955966e-05
2026-01-17 16:00:00+00:00,1.0865889753095406,1.0874828539805443,1.086470027629711,1.0873156720635575,36649,2.120512459659185e-05
2026-01-17 20:00:00+00:00,1.0873156720635575,1.0889105647665804,1.0871492901387476,1.0883154357618205,45134,2.1492130023753222e-05
2026-01-18 00:00:00+00:00,1.0883154357618205,1.0887904325101403,1.0875931368075948,1.0880286910286876,45428,2.171676439533518e-05
2026-01-18 04:00:00+00:00,1.0880286910286876,1.088586519318532,1.0873393988431057,1.0884777416386158,44798,1.8335155844738176e-05
2026-01-18 08:00:00+00:00,1.0884777416386158,1.0889761520083316,1.088025573351741,1.0882610973237814,47160,1.9567070929661674e-05
2026-01-18 12:00:00+00:00,1.0882610973237814,1.0883213173547928,1.086882555047603,1.0871733314138494,38047,1.9697569672582352e-05
2026-01-18 16:00:00+00:00,1.0871733314138494,1.0877736027249303,1.0864909966621232,1.0866956930110154,40979,2.2167997427653352e-05
2026-01-18 20:00:00+00:00,1.0866956930110154,1.0870780824788568,1.086161102937316,1.0866454578755402,41454,1.911384266437217e-05
2026-01-19 00:00:00+00:00,1.0866454578755402,1.086858669154168,1.0858432425523703,1.0862180402569221,52587,2.0867291752667525e-05
2026-01-19 04:00:00+00:00,1.0862180402569221,1.0873329039988777,1.0857400617280255,1.0869821904472907,40783,2.1031940622825122e-05
2026-01-19 08:00:00+00:00,1.0869821904472907,1.087009992057158,1.0856090326638308,1.0868583084293542,38674,2.2039266495122435e-05
2026-01-19 12:00:00+00:00,1.0868583084293542,1.087176464882038,1.0860988749991176,1.086653125574299,46491,2.2181529875815808e-05
2026-01-19 16:00:00+00:00,1.086653125574299,1.086854899904534,1.085437514851099,1.0857641122001422,42265,1.8801221861780346e-05
2026-01-19 20:00:00+00:00,1.0857641122001422,1.0861838147379534,1.0850448058112305,1.0859193412198007,49025,2.0851508782858926e-05
2026-01-20 00:00:00+00:00,1.0859193412198007,1.0869951503595339,1.0855633881858637,1.0867393000156285,48949,2.0255859724077196e-05
2026-01-20 04:00:00+00:00,1.0867393000156285,1.0869507549829427,1.0854169075111884,1.0857940125578676,45770,1.803815804222832e-05
2026-01-20 08:00:00+00:00,1.0857940125578676,1.0869861431156558,1.0855759273187302,1.0867355567336046,38226,2.087377306382029e-05
2026-01-20 12:00:00+00:00,1.0867355567336046,1.0870235170617115,1.085622703998149,1.0863241939782384,45594,1.9273272061790932e-05
2026-01-20 16:00:00+00:00,1.0863241939782384,1.0865196279900557,1.0846766057486235,1.0851707476076287,49512,1.9095520573193147e-05
2026-01-20 20:00:00+00:00,1.0851707476076287,1.0854999734332542,1.0840315838432073,1.0840806880464764,34532,1.9512162714315477e-05
2026-01-21 00:00:00+00:00,1.0840806880464764,1.0841602887737278,1.083007280739492,1.0835883859883426,41833,2.3159096204665738e-05
2026-01-21 04:00:00+00:00,1.0835883859883426,1.0837011384185578,1.0810488331177255,1.081748004284411,39597,1.9693961214796485e-05
2026-01-21 08:00:00+00:00,1.081748004284411,1.0818386996251907,1.0804397648660278,1.0808283468836135,44061,2.2792759634000164e-05
2026-01-21 12:00:00+00:00,1.0808283468836135,1.0815831224048393,1.0805853389392766,1.0812992427631976,52311,1.798314973777009e-05
2026-01-21 16:00:00+00:00,1.0812992427631976,1.0818698756482292,1.0803764699087655,1.0817406207360252,45342,1.8262426366646777e-05
2026-01-21 20:00:00+00:00,1.0817406207360252,1.0822940018919678,1.0810338121820717,1.0821659440273594,38570,2.054032730317898e-05
2026-01-22 00:00:00+00:00,1.0821659440273594,1.0823907285145444,1.080747355254641,1.0809520394800836,43223,2.166308078738607e-05
2026-01-22 04:00:00+00:00,1.0809520394800836,1.0819906571102595,1.0807947790627397,1.0813031343634085,43374,1.9621318580234188e-05
2026-01-22 08:00:00+00:00,1.0813031343634085,1.0821392119804254,1.080633069514875,1.081202792343905,51365,1.8021186501689962e-05
2026-01-22 12:00:00+00:00,1.081202792343905,1.0814839781299843,1.079310025114339,1.079364123897189,48064,1.895832574733435e-05
2026-01-22 16:00:00+00:00,1.079364123897189,1.0800783022721077,1.0790972403008248,1.0799483314461458,36292,2.138551742162133e-05
2026-01-22 20:00:00+00:00,1.0799483314461458,1.0802990742279206,1.0790569639430494,1.0793743586740459,44176,1.92460052615174e-05
2026-01-23 00:00:00+00:00,1.0793743586740459,1.0803344375116481,1.079262281734998,1.0801071696057165,43851,1.9748985864817616e-05
2026-01-23 04:00:00+00:00,1.0801071696057165,1.0818302434967502,1.0799678274020568,1.0816898775170767,33473,2.1568767935207612e-05
2026-01-23 08:00:00+00:00,1.0816898775170767,1.0818607475832163,1.080761257435382,1.080919443784544,39371,1.8993370172816115e-05
2026-01-23 12:00:00+00:00,1.080919443784544,1.082144195792268,1.0802867736647044,1.080510137692443,40870,2.0443474610898607e-05
2026-01-23 16:00:00+00:00,1.080510137692443,1.0813752889232204,1.0798412321830042,1.0804832704914569,34472,2.112169920620935e-05
2026-01-23 20:00:00+00:00,1.0804832704914569,1.0805941102414693,1.0792076622270756,1.0796107635988352,48959,1.820334094138109e-05
2026-01-24 00:00:00+00:00,1.0796107635988352,1.080815173136371,1.0794300874044929,1.0795416920473573,40228,2.386610445800424e-05
2026-01-24 04:00:00+00:00,1.0795416920473573,1.0802041328813428,1.0790287695674359,1.0790696858029427,49326,1.961675773527594e-05
2026-01-24 08:00:00+00:00,1.0790696858029427,1.0794824777472558,1.0777520821094462,1.0779212071757143,49739,1.9386129358520966e-05
2026-01-24 12:00:00+00:00,1.0779212071757143,1.0784583031471222,1.0771595276313026,1.0772189395353455,41241,1.945195545398311e-05
2026-01-24 16:00:00+00:00,1.0772189395353455,1.0778874738360245,1.0762419124127074,1.0777105156605542,48592,1.976689928415211e-05
2026-01-24 20:00:00+00:00,1.0777105156605542,1.0791476234920425,1.0773854003104852,1.0775798890971564,40420,2.004134224285299e-05
2026-01-25 00:00:00+00:00,1.0775798890971564,1.0795969862322778,1.0773417028219352,1.0793350772699444,36026,2.1139485370918257e-05
2026-01-25 04:00:00+00:00,1.0793350772699444,1.080087549518353,1.07873101569858,1.0788675913578674,38586,1.89392538697084e-05
2026-01-25 08:00:00+00:00,1.0788675913578674,1.0804699066225805,1.0788468817380115,1.0802243622715557,46040,2.1161621621545355e-05
2026-01-25 12:00:00+00:00,1.0802243622715557,1.0814898094561634,1.079309737810983,1.0812395043576748,54186,2.001817420975598e-05
2026-01-25 16:00:00+00:00,1.0812395043576748,1.081388226681897,1.0799547826678213,1.0800528633336863,36824,2.065101637720939e-05
2026-01-25 20:00:00+00:00,1.0800528633336863,1.080273932640091,1.0784245733777116,1.0787331039717325,51007,2.205774993410388e-05
2026-01-26 00:00:00+00:00,1.0787331039717325,1.0789814355687366,1.076805718648603,1.077359656330957,46431,1.9240338428676168e-05
2026-01-26 04:00:00+00:00,1.077359656330957,1.0775212065724835,1.076025397953068,1.0771587821575348,44780,1.9271490775023925e-05
2026-01-26 08:00:00+00:00,1.0771587821575348,1.0775838911415943,1.0762716644100947,1.0771957551022224,42717,1.822085589129123e-05
2026-01-26 12:00:00+00:00,1.0771957551022224,1.077634369030189,1.0753775196549402,1.0754106717485994,39807,2.0499926714890377e-05
2026-01-26 16:00:00+00:00,1.0754106717485994,1.0755882506317624,1.0745158528938883,1.0747548957582906,43166,1.9321973845887398e-05
2026-01-26 20:00:00+00:00,1.0747548957582906,1.076138724073008,1.07458766182882,1.0760262583216835,38158,2.046118306402407e-05
2026-01-27 00:00:00+00:00,1.0760262583216835,1.0772780489274991,1.075229528213053,1.0772390400651428,47605,1.824586229974994e-05
2026-01-27 04:00:00+00:00,1.0772390400651428,1.0778915690718411,1.0769907196182318,1.077604924428104,45641,2.1079209891885088e-05
2026-01-27 08:00:00+00:00,1.077604924428104,1.0784230863333886,1.077421544874206,1.0782060269348566,38257,1.7588078562910556e-05
2026-01-27 12:00:00+00:00,1.0782060269348566,1.0785840495330634,1.0764793868293998,1.0774220907482919,44191,2.087261403036599e-05
2026-01-27 16:00:00+00:00,1.0774220907482919,1.079114958819744,1.0773415776890702,1.0789429006259208,49105,1.946512562000488e-05
2026-01-27 20:00:00+00:00,1.0789429006259208,1.0802193567019756,1.078364179426312,1.0801358510034544,47319,2.1644297305851892e-05
2026-01-28 00:00:00+00:00,1.0801358510034544,1.080551547440492,1.0796158574531716,1.0798289540417303,42073,1.998930939392515e-05
2026-01-28 04:00:00+00:00,1.0798289540417303,1.0801951934962128,1.0784764366552142,1.0790453991714215,30717,1.783902014437751e-05
2026-01-28 08:00:00+00:00,1.0790453991714215,1.0796504070483994,1.078744319647394,1.0793352039873834,40453,2.0320617633627817e-05
2026-01-28 12:00:00+00:00,1.0793352039873834,1.080060940929357,1.0788237416307107,1.079269415909427,48244,2.3060555569110918e-05
2026-01-28 16:00:00+00:00,1.079269415909427,1.079385188747892,1.077712787770253,1.0783249314973216,37367,2.106916663796187e-05
2026-01-28 20:00:00+00:00,1.0783249314973216,1.0789514550149701,1.0777541178779386,1.0778860644724537,50187,2.12101581241561e-05
2026-01-29 00:00:00+00:00,1.0778860644724537,1.0782882249551238,1.0770137592914377,1.0778984080973364,31413,1.8856578325955342e-05
2026-01-29 04:00:00+00:00,1.0778984080973364,1.0780976185048672,1.0769315984663128,1.077125523729011,38027,2.095356419206881e-05
2026-01-29 08:00:00+00:00,1.077125523729011,1.077558115823164,1.0759540251799322,1.0762343979375864,36951,2.2205659350399916e-05
2026-01-29 12:00:00+00:00,1.0762343979375864,1.0769789970007826,1.075857755198667,1.076745105663591,38967,2.0051225101312514e-05
2026-01-29 16:00:00+00:00,1.076745105663591,1.0769556072991877,1.075518073208294,1.0760488838573674,43040,1.9564047667256228e-05
2026-01-29 20:00:00+00:00,1.0760488838573674,1.0774531679316741,1.07597488209264,1.0773740845826163,47303,1.9668279648835025e-05
2026-01-30 00:00:00+00:00,1.0773740845826163,1.0777488971449747,1.0769659016285902,1.0775087766886697,43862,1.797354149045295e-05
2026-01-30 04:00:00+00:00,1.0775087766886697,1.0780080906761549,1.0762687741135013,1.0764560219820285,45182,2.06416478913855e-05
2026-01-30 08:00:00+00:00,1.0764560219820285,1.0772368110952681,1.0759744149529018,1.07711563992119,37814,1.9849177045626158e-05
2026-01-30 12:00:00+00:00,1.07711563992119,1.078117754616107,1.0769006230092695,1.0773106836506459,39775,2.0437772053531682e-05
2026-01-30 16:00:00+00:00,1.0773106836506459,1.078587820724529,1.0772052894077848,1.0783681597462362,45775,2.2041698716085053e-05
2026-01-30 20:00:00+00:00,1.0783681597462362,1.0784606606197904,1.0758096956186451,1.076069218248135,44100,2.1385735348547115e-05
2026-01-31 00:00:00+00:00,1.076069218248135,1.0770574272816287,1.0757601439159732,1.0759414326127503,41015,1.9940184040407313e-05
2026-01-31 04:00:00+00:00,1.0759414326127503,1.0763333255353031,1.0753966487001991,1.075983289130739,38084,1.9261505380958576e-05
2026-01-31 08:00:00+00:00,1.075983289130739,1.076871056939961,1.0753307869546895,1.0762862469858347,45840,1.9758195212932946e-05
2026-01-31 12:00:00+00:00,1.0762862469858347,1.0764975627336304,1.0750217545332772,1.0757296778822627,43378,1.9615348313405575e-05
2026-01-31 16:00:00+00:00,1.0757296778822627,1.076733662771017,1.075001100840666,1.075630395387263,36371,1.8918125994262818e-05
2026-01-31 20:00:00+00:00,1.075630395387263,1.0757643965035206,1.0747377654814299,1.0754877489791421,47005,1.9712970641572113e-05
2026-02-01 00:00:00+00:00,1.0754877489791421,1.0768162641129582,1.0749405430093901,1.076660049146717,52207,2.022773186579026e-05
2026-02-01 04:00:00+00:00,1.076660049146717,1.0781347096000813,1.0764517934841378,1.0773519157550153,50859,2.125904419200497e-05
2026-02-01 08:00:00+00:00,1.0773519157550153,1.0782968647497402,1.077157341390599,1.077711210937504,41029,2.000127537979664e-05
2026-02-01 12:00:00+00:00,1.077711210937504,1.077945342233586,1.077209298998992,1.077563891545588,47719,2.1032988562253027e-05
2026-02-01 16:00:00+00:00,1.077563891545588,1.078650803172889,1.0773476559006665,1.077731773607489,47150,1.939680977432401e-05
2026-02-01 20:00:00+00:00,1.077731773607489,1.0790092133298295,1.0771777644509177,1.0788722098548957,50174,2.226131974934862e-05
2026-02-02 00:00:00+00:00,1.0788722098548957,1.0791062186178517,1.0776086543790888,1.0776318176901445,38781,1.908079488737783e-05
2026-02-02 04:00:00+00:00,1.0776318176901445,1.0792360883256513,1.0774950876685738,1.079056983899448,32113,1.8900980199207996e-05
2026-02-02 08:00:00+00:00,1.079056983899448,1.080049952191575,1.0787615490019917,1.0793013192737289,45091,2.2175227066443912e-05
2026-02-02 12:00:00+00:00,1.0793013192737289,1.080206531245913,1.0792458148361534,1.0794564244549856,46191,1.954420474386458e-05
2026-02-02 16:00:00+00:00,1.0794564244549856,1.082081771635142,1.0794253085464829,1.0816890966393502,51600,1.9421192497542096e-05
2026-02-02 20:00:00+00:00,1.0816890966393502,1.0821804802911346,1.0813518727682643,1.0815665261221246,46919,2.0038356813177153e-05
2026-02-03 00:00:00+00:00,1.0815665261221246,1.082153924610392,1.0810415534858102,1.0814470583972666,31272,1.9296628667644248e-05
2026-02-03 04:00:00+00:00,1.0814470583972666,1.0817570380016934,1.0796260489521192,1.0798993318090695,39000,1.944691761392974e-05
2026-02-03 08:00:00+00:00,1.0798993318090695,1.0809259085147787,1.079605121258894,1.0808348859129269,32994,2.0724200375943458e-05
2026-02-03 12:00:00+00:00,1.0808348859129269,1.0820620886740435,1.0804246541087856,1.0809244771776647,41953,2.0409674137895294e-05
2026-02-03 16:00:00+00:00,1.0809244771776647,1.0818483820611036,1.0805483485486242,1.0811934280358098,43161,1.9276532439141313e-05
2026-02-03 20:00:00+00:00,1.0811934280358098,1.0820272572834342,1.0811147100305614,1.0818093413076526,39190,1.819783318844147e-05
2026-02-04 00:00:00+00:00,1.0818093413076526,1.0819364334340265,1.0796772824290557,1.0798700972084931,48100,1.948413689428893e-05
2026-02-04 04:00:00+00:00,1.0798700972084931,1.0808135539793429,1.0798388126983602,1.080382326728835,47529,2.3022098857526133e-05
2026-02-04 08:00:00+00:00,1.080382326728835,1.0825908127137356,1.0802376460358076,1.0822444646934506,53990,1.9966315448173406e-05
2026-02-04 12:00:00+00:00,1.0822444646934506,1.0832293641581496,1.0820694915796691,1.0831737593564885,50060,1.994218810780577e-05
2026-02-04 16:00:00+00:00,1.0831737593564885,1.0832446544835659,1.0817415070183383,1.0825851286127735,40108,1.8072984174078807e-05
2026-02-04 20:00:00+00:00,1.0825851286127735,1.0826924282121568,1.08117627535874,1.0813038225223346,47790,1.844653476467469e-05
2026-02-05 00:00:00+00:00,1.0813038225223346,1.0814958699794177,1.079441469654365,1.0795977405081014,44368,2.0225744746234775e-05
2026-02-05 04:00:00+00:00,1.0795977405081014,1.0801000001686645,1.078647160840877,1.0787606264402385,41937,2.043927031526181e-05
2026-02-05 08:00:00+00:00,1.0787606264402385,1.078828204330576,1.0775346949891216,1.0781818602509545,43617,2.082974116505356e-05
2026-02-05 12:00:00+00:00,1.0781818602509545,1.0784073953865707,1.0769203071868538,1.077683167255509,36890,1.8566247318799363e-05
2026-02-05 16:00:00+00:00,1.077683167255509,1.0793276711158553,1.0776217431376163,1.0792298201651331,42260,2.1193150024256593e-05
2026-02-05 20:00:00+00:00,1.0792298201651331,1.0806044075130374,1.0791908184329277,1.0803830384657418,52065,1.9159296391581607e-05
2026-02-06 00:00:00+00:00,1.0803830384657418,1.0806191876152698,1.079312777298454,1.0801025446631056,35909,1.906928524498169e-05
2026-02-06 04:00:00+00:00,1.0801025446631056,1.0815370493665375,1.079622946073794,1.0813646015566338,54388,1.97031624423344e-05
2026-02-06 08:00:00+00:00,1.0813646015566338,1.0822910406581658,1.0806584193346032,1.081887467127805,38868,1.9575257066852947e-05
2026-02-06 12:00:00+00:00,1.081887467127805,1.082612602471593,1.0817389791044132,1.082464753519934,46041,1.722216597228318e-05
2026-02-06 16:00:00+00:00,1.082464753519934,1.082557336957596,1.081350469518307,1.0820256312228043,39743,2.22679356747104e-05
2026-02-06 20:00:00+00:00,1.0820256312228043,1.08296774004801,1.0818836198354822,1.0823366912865802,42463,2.2165213085296114e-05
2026-02-07 00:00:00+00:00,1.0823366912865802,1.083300363238248,1.0821162849546269,1.082845020137428,41894,1.822349418490012e-05
2026-02-07 04:00:00+00:00,1.082845020137428,1.0838087701024657,1.0827707768042725,1.0836067453925704,38746,1.9355746784247942e-05
2026-02-07 08:00:00+00:00,1.0836067453925704,1.0850372917313085,1.0834818569468043,1.0846678803519874,54875,2.002307444664933e-05
2026-02-07 12:00:00+00:00,1.0846678803519874,1.0860542566443407,1.0845926571551507,1.0853516943401156,39802,2.158240041792111e-05
2026-02-07 16:00:00+00:00,1.0853516943401156,1.0866875736764174,1.0851031341502857,1.0865968018726846,49204,2.0700381845104935e-05
2026-02-07 20:00:00+00:00,1.0865968018726846,1.0866380194574208,1.0854935802788308,1.0858785913246642,42783,2.0857620249049624e-05
2026-02-08 00:00:00+00:00,1.0858785913246642,1.0877240098897316,1.0856798312193745,1.087439496220275,46969,2.148173022860036e-05
2026-02-08 04:00:00+00:00,1.087439496220275,1.0875291292773193,1.0860811431748938,1.0863708133831262,48283,1.9057937480389942e-05
2026-02-08 08:00:00+00:00,1.0863708133831262,1.0872232480369193,1.0857671656787553,1.086426729745402,51954,1.8656551633619963e-05
2026-02-08 12:00:00+00:00,1.086426729745402,1.0865750481196021,1.0851128616482208,1.0855847169118065,47331,2.0507878960736292e-05
2026-02-08 16:00:00+00:00,1.0855847169118065,1.0868837715111477,1.0850351827814657,1.0867597244465221,51945,2.0736066933134046e-05
2026-02-08 20:00:00+00:00,1.0867597244465221,1.087755412819422,1.0863066530308736,1.0866368097699546,51076,1.9622691320298024e-05
2026-02-09 00:00:00+00:00,1.0866368097699546,1.0874111882058897,1.0861666033749002,1.0863472382570918,38439,1.9133299162263468e-05
2026-02-09 04:00:00+00:00,1.0863472382570918,1.087807052114151,1.086177003796691,1.087461102362897,50794,2.1126503435568092e-05
2026-02-09 08:00:00+00:00,1.087461102362897,1.0874871194591853,1.0862717470691592,1.0873669292049573,46403,1.8435837544668394e-05
2026-02-09 12:00:00+00:00,1.0873669292049573,1.0876004635031833,1.0858743591246334,1.0860105510774747,41384,2.107253610134506e-05
2026-02-09 16:00:00+00:00,1.0860105510774747,1.0870432643463408,1.0857631041039972,1.0867964114543653,42980,2.175890804258383e-05
2026-02-09 20:00:00+00:00,1.0867964114543653,1.0874491947320448,1.0864500310034693,1.087206093411288,56239,2.1853315963780295e-05
2026-02-10 00:00:00+00:00,1.087206093411288,1.0878216113387345,1.08663609710098,1.0867349793068741,45928,1.884243957659641e-05
2026-02-10 04:00:00+00:00,1.0867349793068741,1.0868729314376218,1.0857965065401662,1.0863636638043344,48093,2.2967826898040196e-05
2026-02-10 08:00:00+00:00,1.0863636638043344,1.086475515512786,1.085178733308588,1.0855626003577903,47007,2.2866871618330853e-05
2026-02-10 12:00:00+00:00,1.0855626003577903,1.0857494493409545,1.0833643168472862,1.0838110372638998,48478,1.8913398572411078e-05
2026-02-10 16:00:00+00:00,1.0838110372638998,1.0841945902218462,1.082419399856908,1.0827459011728222,49369,2.0980661086938815e-05
2026-02-10 20:00:00+00:00,1.0827459011728222,1.0831260197896353,1.0819135268299278,1.0826950469172962,35254,2.1928526240466324e-05
2026-02-11 00:00:00+00:00,1.0826950469172962,1.084029413845108,1.082640001818935,1.0838705887727988,47216,2.0338758479000616e-05
2026-02-11 04:00:00+00:00,1.0838705887727988,1.0840570661278484,1.0829054527910846,1.0830581849612781,42471,1.9037542843648295e-05
2026-02-11 08:00:00+00:00,1.0830581849612781,1.0834242526222744,1.0822670696683234,1.0828062044972715,43360,2.151422898220984e-05
2026-02-11 12:00:00+00:00,1.0828062044972715,1.0830023263667576,1.0817433267913952,1.0818339024832915,38888,2.1874669412163648e-05
